date,actual_mean_temp,actual_min_temp,actual_max_temp,average_min_temp,average_max_temp,record_min_temp,record_max_temp,record_min_temp_year,record_max_temp_year,actual_precipitation,average_precipitation,record_precipitation,location
2014-7-1,82,72,91,72,91,65,100,1981,1990,0,0.21,7.26,JAX
2014-7-2,81,73,89,72,91,65,100,2000,1902,0,0.21,2.3,JAX
2014-7-3,84,71,96,72,92,63,99,2000,1970,0.41,0.22,4.87,JAX
2014-7-4,81,70,91,72,92,65,99,2000,1954,0,0.21,1.4,JAX
2014-7-5,82,73,90,72,92,66,100,2000,1877,0.01,0.21,1.85,JAX
2014-7-6,79,70,88,72,92,66,100,1986,1969,0,0.21,3.49,JAX
2014-7-7,81,70,92,72,92,65,101,1988,1902,0,0.21,2.07,JAX
2014-7-8,82,72,91,72,92,61,100,1972,1879,0,0.21,3.78,JAX
2014-7-9,83,71,94,72,92,63,101,2006,1941,0,0.22,2.07,JAX
2014-7-10,82,73,91,72,92,65,102,2000,1879,0.31,0.21,1.45,JAX
2014-7-11,81,72,89,73,92,65,104,1963,1879,0.27,0.21,3.14,JAX
2014-7-12,76,72,79,73,92,66,102,1890,1879,0.38,0.2,3.97,JAX
2014-7-13,80,71,88,73,92,66,102,1974,1980,0.02,0.21,2.35,JAX
2014-7-14,83,73,92,73,92,63,102,1974,1951,0,0.2,2.11,JAX
2014-7-15,82,72,91,73,92,62,102,1974,1981,0,0.2,3.16,JAX
2014-7-16,81,72,89,73,92,67,102,2001,1981,0.62,0.2,3.66,JAX
2014-7-17,79,69,89,73,92,64,103,1980,1981,0,0.21,2.2,JAX
2014-7-18,79,71,87,73,92,68,100,2011,1887,0.71,0.21,1.1,JAX
2014-7-19,82,74,89,73,92,65,101,2011,2000,0,0.22,2.17,JAX
2014-7-20,83,73,92,73,92,68,103,2006,2000,0,0.22,3.17,JAX
2014-7-21,81,73,88,73,92,66,102,1929,1942,0,0.23,1.8,JAX
2014-7-22,81,72,89,73,92,67,101,1965,1942,0,0.22,2.5,JAX
2014-7-23,83,72,93,73,92,64,99,2007,1952,0,0.22,3.19,JAX
2014-7-24,83,72,93,73,92,68,100,1977,1952,0,0.23,2.32,JAX
2014-7-25,84,74,94,73,92,64,101,1977,1875,0.02,0.22,2.14,JAX
2014-7-26,83,73,92,73,92,67,102,2000,1926,0,0.22,2.94,JAX
2014-7-27,86,76,95,73,92,67,100,1978,1872,0,0.2,3.01,JAX
2014-7-28,87,78,96,73,92,67,104,1920,1872,0,0.2,4.46,JAX
2014-7-29,85,75,94,73,92,69,100,2000,1875,0,0.2,2.88,JAX
2014-7-30,81,70,92,73,92,68,102,1894,2010,0,0.2,1.74,JAX
2014-7-31,81,69,93,73,92,69,102,1914,1999,0,0.21,2.03,JAX
2014-8-1,84,74,93,73,92,68,102,1966,1999,0,0.21,3.73,JAX
2014-8-2,82,73,91,73,92,68,101,1997,1999,0.59,0.2,3.38,JAX
2014-8-3,81,73,89,73,92,69,99,1974,1957,0.7,0.21,2.72,JAX
2014-8-4,80,75,85,73,92,68,99,2001,2011,0.01,0.19,4.02,JAX
2014-8-5,83,74,92,73,92,69,99,1989,2011,0,0.2,3.23,JAX
2014-8-6,84,74,94,73,92,67,99,1969,1956,0,0.19,3.35,JAX
2014-8-7,85,74,95,73,92,66,100,1950,1956,0,0.2,3.3,JAX
2014-8-8,84,74,94,73,92,64,98,2002,2007,0,0.19,2.66,JAX
2014-8-9,84,73,95,73,92,63,101,2002,1987,0,0.2,2.04,JAX
2014-8-10,83,74,92,73,92,66,99,1918,1987,0,0.21,1.92,JAX
2014-8-11,82,72,92,73,91,68,98,2002,2011,0.7,0.21,1.46,JAX
2014-8-12,82,75,89,73,91,65,100,1989,1874,0.01,0.2,3.15,JAX
2014-8-13,80,74,86,73,91,64,99,1890,1954,0.08,0.21,2.34,JAX
2014-8-14,82,73,91,73,91,66,97,1890,1938,0.04,0.21,3.62,JAX
2014-8-15,81,73,89,73,91,67,99,1983,1956,0,0.21,3.06,JAX
2014-8-16,83,73,93,73,91,67,97,1954,1957,0,0.2,3.83,JAX
2014-8-17,83,73,93,73,91,67,99,1993,1954,0.25,0.2,1.4,JAX
2014-8-18,84,74,93,73,91,67,98,1945,1954,0.02,0.21,3.26,JAX
2014-8-19,84,73,94,73,91,64,99,1889,1900,0,0.21,3.22,JAX
2014-8-20,84,73,95,73,91,68,101,1960,1900,0,0.22,4.44,JAX
2014-8-21,85,73,97,73,91,66,101,1961,1901,0,0.22,3.83,JAX
2014-8-22,86,73,99,73,90,64,100,1930,1900,0,0.22,6.8,JAX
2014-8-23,87,75,98,73,90,65,98,1886,1966,0,0.24,2.51,JAX
2014-8-24,82,73,91,73,90,66,99,1996,1987,0,0.25,4.46,JAX
2014-8-25,80,74,86,72,90,65,98,1997,1968,0.49,0.25,3.63,JAX
2014-8-26,78,70,85,72,90,64,98,1997,1872,0.14,0.26,3.74,JAX
2014-8-27,77,66,88,72,90,64,99,1984,2011,0,0.26,3.42,JAX
2014-8-28,77,64,90,72,90,64,97,2014,1959,0,0.25,7.82,JAX
2014-8-29,80,67,92,72,90,63,99,1984,1990,0,0.26,2.73,JAX
2014-8-30,82,72,91,72,90,64,98,1896,1948,0,0.25,3.88,JAX
2014-8-31,82,71,93,72,89,64,98,1999,1970,0,0.26,2.93,JAX
2014-9-1,84,73,94,72,89,62,98,1999,1912,0,0.28,6.4,JAX
2014-9-2,83,73,92,72,89,57,98,1999,1970,0.1,0.29,4.13,JAX
2014-9-3,81,70,91,72,89,64,99,1972,1912,0,0.29,1.81,JAX
2014-9-4,79,70,88,72,89,66,97,1972,1951,0,0.29,4.08,JAX
2014-9-5,79,70,88,72,89,63,98,1997,1999,1.27,0.29,5.56,JAX
2014-9-6,80,73,86,71,89,61,98,1997,1875,0.58,0.29,5.92,JAX
2014-9-7,76,73,78,71,88,63,96,1997,1951,1.31,0.29,3.85,JAX
2014-9-8,80,71,88,71,88,61,98,2011,1990,1.42,0.28,3.11,JAX
2014-9-9,79,71,86,71,88,62,97,2011,1990,0.55,0.27,6.1,JAX
2014-9-10,80,71,88,71,88,62,97,1956,1945,0,0.27,6.01,JAX
2014-9-11,80,70,90,71,88,62,96,1998,1954,0,0.27,4.12,JAX
2014-9-12,81,71,90,71,88,61,96,1917,1991,0,0.28,5.43,JAX
2014-9-13,82,72,91,70,88,61,97,1917,1991,0,0.28,2.96,JAX
2014-9-14,82,72,91,70,87,62,96,1956,1991,0,0.29,1.9,JAX
2014-9-15,82,72,92,70,87,62,96,1996,1972,0.12,0.29,3.85,JAX
2014-9-16,77,72,82,70,87,57,97,2001,1990,0.74,0.28,6.61,JAX
2014-9-17,80,71,88,70,87,60,96,2001,1896,0,0.28,3.82,JAX
2014-9-18,81,69,92,69,87,58,95,1981,1972,0,0.28,3.02,JAX
2014-9-19,77,70,84,69,86,48,96,1981,1942,0.37,0.29,2.84,JAX
2014-9-20,73,68,78,69,86,48,95,1981,1925,0.23,0.28,4.68,JAX
2014-9-21,76,64,87,69,86,49,97,1897,1990,0,0.26,5.27,JAX
2014-9-22,76,62,89,68,86,49,96,1897,1990,0.01,0.26,4.24,JAX
2014-9-23,75,69,81,68,86,53,95,1897,1925,0.05,0.26,5.1,JAX
2014-9-24,68,63,72,68,85,53,94,1990,1925,0,0.26,4.46,JAX
2014-9-25,71,63,78,68,85,51,94,1990,1961,0,0.26,4.04,JAX
2014-9-26,74,66,82,67,85,55,96,1940,1961,0,0.25,9.82,JAX
2014-9-27,75,71,79,67,85,54,94,1940,1970,0,0.26,5.26,JAX
2014-9-28,80,73,86,67,85,56,96,1909,1900,0,0.24,4.8,JAX
2014-9-29,76,72,80,66,84,53,92,1993,1936,3.05,0.24,4.73,JAX
2014-9-30,74,70,77,66,84,50,94,1967,1959,0,0.24,3.25,JAX
2014-10-1,76,70,82,66,84,48,94,1920,1958,0,0.21,5.14,JAX
2014-10-2,78,70,85,65,84,43,93,1876,1977,0,0.2,3.57,JAX
2014-10-3,78,68,88,65,83,45,94,1876,1911,0.61,0.2,7.83,JAX
2014-10-4,68,56,80,65,83,47,94,2011,1990,0.15,0.19,2.24,JAX
2014-10-5,60,47,73,64,83,46,94,1987,1951,0,0.18,4.51,JAX
2014-10-6,64,50,78,64,83,49,95,1979,1951,0,0.17,3.48,JAX
2014-10-7,72,60,84,64,82,47,95,2010,1951,0,0.18,6.14,JAX
2014-10-8,76,63,89,63,82,44,95,1987,1949,0,0.17,3.91,JAX
2014-10-9,76,64,88,63,82,46,94,2000,1941,0,0.17,1.8,JAX
2014-10-10,76,65,87,63,82,46,93,2000,2009,0,0.16,3.56,JAX
2014-10-11,75,62,88,62,82,45,91,1906,1959,0,0.16,4.3,JAX
2014-10-12,74,62,86,62,81,46,92,1971,2009,0,0.15,2.31,JAX
2014-10-13,76,66,86,62,81,43,89,1977,1986,0.03,0.14,1.82,JAX
2014-10-14,79,70,88,61,81,40,91,1977,1912,1.04,0.12,1.99,JAX
2014-10-15,69,59,78,61,81,40,90,1977,1990,0.04,0.13,2.24,JAX
2014-10-16,66,53,78,61,80,39,90,1978,1925,0,0.12,6.47,JAX
2014-10-17,66,52,80,60,80,37,91,1977,1989,0,0.11,3.86,JAX
2014-10-18,69,54,84,60,80,36,91,1977,1980,0,0.11,7.47,JAX
2014-10-19,67,57,76,59,80,43,91,1981,1980,0,0.1,9.21,JAX
2014-10-20,69,56,82,59,80,40,89,1981,2006,0,0.09,3.87,JAX
2014-10-21,71,59,83,59,79,36,89,1989,1993,0,0.09,3.18,JAX
2014-10-22,63,52,74,58,79,39,92,1976,2006,0,0.09,5.26,JAX
2014-10-23,61,49,73,58,79,40,88,1976,2007,0,0.08,3.6,JAX
2014-10-24,61,46,75,58,79,37,87,2006,1949,0,0.09,4.69,JAX
2014-10-25,62,47,77,57,78,38,89,2006,2010,0,0.08,4.76,JAX
2014-10-26,65,47,83,57,78,38,89,1980,2010,0,0.07,1.79,JAX
2014-10-27,71,54,87,57,78,40,90,1926,2010,0,0.07,2.64,JAX
2014-10-28,70,55,84,56,78,37,89,2008,2010,0,0.08,1.93,JAX
2014-10-29,72,58,85,56,78,33,87,2008,1984,0,0.07,1.76,JAX
2014-10-30,70,59,81,56,77,37,86,1910,1951,0,0.08,3.97,JAX
2014-10-31,63,50,75,55,77,38,86,1993,1896,0,0.07,2.84,JAX
2014-11-1,50,42,57,55,77,33,88,1993,1961,0,0.07,2.75,JAX
2014-11-2,50,37,62,55,77,35,87,1993,1961,0,0.08,1.37,JAX
2014-11-3,52,36,68,54,76,30,86,1954,2004,0,0.07,2.5,JAX
2014-11-4,61,47,74,54,76,31,87,1966,1992,0,0.08,2.68,JAX
2014-11-5,67,56,78,54,76,35,87,1976,2003,0,0.07,1.51,JAX
2014-11-6,69,56,82,53,76,32,86,1976,2003,0,0.08,1.92,JAX
2014-11-7,55,43,67,53,76,36,87,1976,1986,0,0.07,1.64,JAX
2014-11-8,56,41,70,53,75,30,85,1976,1986,0,0.08,1.86,JAX
2014-11-9,62,54,70,53,75,25,88,1976,1986,0,0.08,1.28,JAX
2014-11-10,59,52,65,52,75,33,84,1976,1948,0,0.07,2.29,JAX
2014-11-11,66,52,80,52,75,35,87,1977,1986,0,0.07,2.79,JAX
2014-11-12,61,45,77,52,74,31,87,2011,1986,0,0.07,1.3,JAX
2014-11-13,64,55,73,52,74,31,86,1987,1889,0,0.07,0.86,JAX
2014-11-14,53,44,61,51,74,31,84,1984,2008,0,0.07,2.21,JAX
2014-11-15,50,40,60,51,74,29,85,1969,1958,0,0.07,1.5,JAX
2014-11-16,62,47,77,51,73,25,85,1940,2011,0,0.07,2.1,JAX
2014-11-17,67,52,81,50,73,29,85,1970,1957,0.95,0.06,1.28,JAX
2014-11-18,43,33,52,50,73,32,85,2008,1938,0,0.07,1.26,JAX
2014-11-19,40,27,53,50,73,27,84,2014,1948,0,0.07,1.21,JAX
2014-11-20,45,24,65,50,73,24,86,2014,1988,0,0.06,2.17,JAX
2014-11-21,51,33,68,49,72,26,84,1937,1962,0,0.06,1.16,JAX
2014-11-22,62,51,72,49,72,25,84,2000,1948,0,0.06,2.08,JAX
2014-11-23,73,68,78,49,72,28,84,2000,1992,1.11,0.06,2.01,JAX
2014-11-24,78,70,86,49,72,25,86,1970,2014,0,0.06,1.21,JAX
2014-11-25,66,61,71,48,71,21,85,1970,1992,1.69,0.07,1.69,JAX
2014-11-26,52,41,63,48,71,27,84,1950,1946,0.21,0.06,1.48,JAX
2014-11-27,51,40,61,48,71,30,83,1903,1973,0,0.07,0.94,JAX
2014-11-28,44,35,53,48,70,26,85,1903,1948,0,0.08,3.61,JAX
2014-11-29,51,34,68,47,70,30,85,1959,1978,0,0.08,2.24,JAX
2014-11-30,58,41,74,47,70,26,84,1959,1982,0,0.08,1.81,JAX
2014-12-1,63,49,77,47,70,28,84,1979,1981,0,0.08,3.43,JAX
2014-12-2,66,52,79,47,69,25,84,1876,1991,0,0.09,1.12,JAX
2014-12-3,66,56,76,47,69,24,83,1876,1991,0,0.09,2.7,JAX
2014-12-4,65,54,76,46,69,25,84,1876,1994,0,0.09,3.81,JAX
2014-12-5,63,60,65,46,69,25,83,1876,2013,0,0.09,1.28,JAX
2014-12-6,70,60,79,46,69,26,83,1876,2013,0,0.09,1.38,JAX
2014-12-7,59,54,63,46,68,21,83,1937,2013,0.01,0.09,2.03,JAX
2014-12-8,53,49,56,45,68,24,83,2010,1978,0,0.08,1.8,JAX
2014-12-9,50,40,60,45,68,28,84,1984,2004,0,0.09,3.29,JAX
2014-12-10,48,36,59,45,68,25,82,1974,1961,0,0.08,2.86,JAX
2014-12-11,47,34,59,45,67,23,83,1981,1961,0,0.09,1.34,JAX
2014-12-12,50,35,64,45,67,22,83,1962,1961,0,0.09,2.72,JAX
2014-12-13,50,31,68,44,67,12,83,1962,1956,0,0.09,2.86,JAX
2014-12-14,51,31,71,44,67,20,82,2010,1956,0,0.08,2.07,JAX
2014-12-15,52,34,70,44,67,21,84,2010,2009,0,0.09,1.59,JAX
2014-12-16,55,34,76,44,66,26,83,1968,1956,0,0.09,1.86,JAX
2014-12-17,53,40,66,44,66,26,81,1943,1961,0,0.09,3.96,JAX
2014-12-18,52,39,64,43,66,25,81,1988,1961,0,0.1,1.54,JAX
2014-12-19,56,41,70,43,66,23,83,1975,1967,0,0.1,2.14,JAX
2014-12-20,60,51,69,43,66,19,82,1981,1990,0,0.1,2.86,JAX
2014-12-21,57,56,58,43,66,20,83,1901,2013,0.16,0.1,4.69,JAX
2014-12-22,63,56,70,43,65,25,84,1973,2013,2.59,0.1,2.89,JAX
2014-12-23,68,62,74,43,65,24,84,1989,1956,0.74,0.09,1.41,JAX
2014-12-24,72,64,79,42,65,18,81,1983,1981,0.22,0.1,1.65,JAX
2014-12-25,53,42,64,42,65,11,81,1983,1984,0,0.09,2.72,JAX
2014-12-26,53,38,67,42,65,13,83,1983,1987,0,0.1,1.59,JAX
2014-12-27,62,49,74,42,65,23,81,1935,2008,0,0.08,1.63,JAX
2014-12-28,68,54,82,42,65,20,83,2010,1971,0,0.09,2.61,JAX
2014-12-29,69,58,79,42,65,14,82,1894,1990,0.02,0.08,2.06,JAX
2014-12-30,64,56,71,42,65,19,83,1909,1990,0,0.09,1.12,JAX
2014-12-31,53,49,57,42,65,19,82,1917,1973,0,0.09,1.83,JAX
2015-1-1,55,48,61,41,65,21,81,1918,1967,0,0.09,1.2,JAX
2015-1-2,53,48,57,42,65,21,82,1928,1988,0,0.09,1.83,JAX
2015-1-3,71,60,81,41,64,19,81,1979,2015,0,0.09,1.97,JAX
2015-1-4,72,65,79,41,64,22,82,1887,1973,0.27,0.09,1.74,JAX
2015-1-5,56,45,66,41,64,23,81,1999,1972,0,0.09,2.4,JAX
2015-1-6,56,40,71,41,64,21,83,1999,2007,0,0.09,1.97,JAX
2015-1-7,52,39,65,41,64,21,82,1924,2007,0,0.1,2.96,JAX
2015-1-8,34,27,40,41,64,21,82,1970,2005,0,0.09,3.09,JAX
2015-1-9,45,35,55,41,64,19,83,1970,1974,0,0.11,2.1,JAX
2015-1-10,47,38,56,41,64,21,82,1970,1957,0,0.1,2.11,JAX
2015-1-11,56,48,63,41,64,17,83,1982,1972,0.07,0.11,2.69,JAX
2015-1-12,62,57,66,41,64,15,82,1886,1949,1.07,0.11,2.68,JAX
2015-1-13,58,52,64,41,64,13,82,1981,1972,0,0.11,2.23,JAX
2015-1-14,50,47,53,41,65,23,81,1964,1888,0,0.11,2.35,JAX
2015-1-15,45,42,48,41,65,22,83,1979,1989,0.19,0.11,0.89,JAX
2015-1-16,49,38,60,41,65,22,84,1927,1947,0,0.1,1.67,JAX
2015-1-17,51,35,66,41,65,21,84,1977,1943,0,0.11,2.43,JAX
2015-1-18,56,42,69,41,65,21,83,1977,1937,0,0.11,0.62,JAX
2015-1-19,51,33,68,41,65,19,83,1977,1937,0,0.11,2.9,JAX
2015-1-20,54,36,71,41,65,19,83,1985,1990,0,0.11,1.61,JAX
2015-1-21,62,48,75,41,65,7,83,1985,1921,0,0.12,1.71,JAX
2015-1-22,59,45,72,42,65,16,82,1985,1999,0,0.12,1.21,JAX
2015-1-23,60,52,67,42,65,25,82,1960,1974,1.34,0.11,2.33,JAX
2015-1-24,55,40,69,42,65,19,83,2003,1937,0.12,0.12,2.18,JAX
2015-1-25,49,35,63,42,65,20,83,2003,1990,0,0.12,2.64,JAX
2015-1-26,52,44,60,42,65,17,82,1905,1950,0.02,0.12,2.31,JAX
2015-1-27,50,36,63,42,66,17,84,1940,1962,0,0.11,1.11,JAX
2015-1-28,45,34,55,42,66,16,83,1986,1957,0,0.12,2.06,JAX
2015-1-29,49,31,67,42,66,22,84,1897,1957,0,0.11,1.63,JAX
2015-1-30,55,42,67,42,66,20,85,1966,2013,0,0.12,1.14,JAX
2015-1-31,48,36,60,42,66,20,84,1966,1982,0,0.11,3.43,JAX
2015-2-1,56,38,74,43,66,24,83,1977,1957,0,0.11,2.82,JAX
2015-2-2,55,41,68,43,66,23,84,1979,1990,0.32,0.11,3.68,JAX
2015-2-3,44,31,56,43,66,16,86,1917,1990,0,0.11,4.93,JAX
2015-2-4,51,45,56,43,67,23,84,1981,1957,0.42,0.11,0.99,JAX
2015-2-5,53,42,64,43,67,19,87,1996,1957,0.87,0.1,2,JAX
2015-2-6,47,37,57,43,67,23,85,2009,1989,0,0.11,3.06,JAX
2015-2-7,50,34,66,43,67,25,80,1988,1904,0,0.1,1.89,JAX
2015-2-8,57,40,73,44,67,14,84,1895,1957,0,0.11,2.49,JAX
2015-2-9,55,42,68,44,67,19,88,1895,1937,0.13,0.11,1.64,JAX
2015-2-10,53,45,60,44,67,26,84,1979,1957,0,0.1,1.22,JAX
2015-2-11,52,40,64,44,68,24,84,1971,1939,0,0.11,1.8,JAX
2015-2-12,56,41,70,44,68,24,83,2012,1965,0,0.11,1.64,JAX
2015-2-13,42,32,51,44,68,10,85,1899,1959,0,0.1,1.86,JAX
2015-2-14,46,29,62,45,68,16,86,1899,1959,0,0.11,2.66,JAX
2015-2-15,53,42,63,45,68,23,83,1943,2001,0,0.11,2.65,JAX
2015-2-16,59,43,74,45,68,25,86,1991,1990,0,0.12,2.46,JAX
2015-2-17,56,45,66,45,69,23,83,2007,1956,0.62,0.12,2.44,JAX
2015-2-18,46,35,57,45,69,18,85,1900,1956,0,0.12,2.07,JAX
2015-2-19,35,27,42,45,69,24,86,1958,1891,0,0.12,2.66,JAX
2015-2-20,36,24,47,46,69,24,86,2015,1961,0,0.12,3.19,JAX
2015-2-21,50,30,70,46,69,25,85,1958,1997,0,0.12,1.77,JAX
2015-2-22,65,50,79,46,70,29,85,1958,1961,0,0.13,2.53,JAX
2015-2-23,65,53,76,46,70,25,85,1978,1962,0,0.12,1.59,JAX
2015-2-24,51,49,53,46,70,27,88,1989,1962,0.32,0.12,1.47,JAX
2015-2-25,56,47,65,47,70,24,85,1989,2001,0,0.13,3.2,JAX
2015-2-26,57,47,67,47,70,22,88,1967,1962,0.62,0.12,1.19,JAX
2015-2-27,49,44,53,47,70,25,86,1974,1962,0,0.12,3.28,JAX
2015-2-28,51,48,54,47,71,25,87,2002,1962,0.02,0.12,1.98,JAX
2015-3-1,56,49,63,47,71,28,87,2002,1997,0.2,0.14,4.36,JAX
2015-3-2,67,53,81,47,71,27,86,1890,1997,0,0.13,3.3,JAX
2015-3-3,69,57,81,48,71,23,88,1980,2012,0,0.15,2.38,JAX
2015-3-4,74,62,85,48,71,24,86,1980,1953,0,0.14,1.31,JAX
2015-3-5,72,58,85,48,72,28,87,1971,1985,0.15,0.14,3,JAX
2015-3-6,55,45,64,48,72,28,88,1960,1961,0,0.15,1.6,JAX
2015-3-7,50,39,61,48,72,29,87,1899,1956,0,0.14,2.71,JAX
2015-3-8,54,38,70,48,72,26,88,1899,1945,0,0.13,0.93,JAX
2015-3-9,61,45,77,49,72,27,88,1996,1974,0,0.13,4.87,JAX
2015-3-10,69,52,86,49,73,26,91,1932,1974,0,0.13,1.69,JAX
2015-3-11,75,64,86,49,73,31,89,1934,1967,0,0.13,2.66,JAX
2015-3-12,65,54,76,49,73,32,91,2011,1967,0,0.13,1.41,JAX
2015-3-13,72,64,80,49,73,32,88,1998,1982,0.01,0.14,1.74,JAX
2015-3-14,77,66,87,49,73,28,89,1926,1956,0,0.12,1.4,JAX
2015-3-15,72,61,83,50,74,27,90,1993,1967,0,0.13,2.63,JAX
2015-3-16,68,51,84,50,74,30,89,1988,1945,0,0.13,2.35,JAX
2015-3-17,71,54,88,50,74,30,88,1890,2002,0,0.12,2.63,JAX
2015-3-18,67,59,74,50,74,32,89,1971,1963,0,0.13,3.02,JAX
2015-3-19,69,59,78,50,74,29,89,1892,1955,0.01,0.12,1.51,JAX
2015-3-20,70,61,79,50,75,34,89,1923,1945,0,0.12,3.04,JAX
2015-3-21,73,64,82,51,75,30,90,1971,1907,0.53,0.12,0.95,JAX
2015-3-22,70,62,77,51,75,31,90,1876,1935,0.08,0.11,1.77,JAX
2015-3-23,63,59,67,51,75,33,91,1986,1935,0.47,0.11,2.34,JAX
2015-3-24,62,57,66,51,75,35,91,1968,1907,0.03,0.11,3.31,JAX
2015-3-25,67,59,75,51,75,34,90,2008,1954,0,0.12,2.34,JAX
2015-3-26,68,58,77,51,76,32,88,1979,1949,0.53,0.12,1.65,JAX
2015-3-27,64,51,76,51,76,32,89,1894,1991,0.28,0.13,3.91,JAX
2015-3-28,53,42,63,52,76,35,89,2013,1994,0,0.12,7.12,JAX
2015-3-29,51,39,62,52,76,34,89,1955,1991,0,0.12,1.92,JAX
2015-3-30,59,40,78,52,76,36,89,1964,1961,0,0.12,1.43,JAX
2015-3-31,68,55,81,52,76,32,88,1964,1954,0,0.12,4.31,JAX
2015-4-1,71,58,84,52,77,34,89,1987,1974,0.05,0.11,2.24,JAX
2015-4-2,68,54,81,52,77,36,90,1987,2012,0,0.1,3.24,JAX
2015-4-3,73,59,87,52,77,39,89,1962,2012,0,0.11,7.35,JAX
2015-4-4,71,59,83,53,77,38,90,1992,1974,0.12,0.1,1.24,JAX
2015-4-5,68,60,75,53,77,35,89,1975,1880,0,0.1,2.46,JAX
2015-4-6,70,60,80,53,77,34,90,1891,1947,0,0.09,1.8,JAX
2015-4-7,73,60,86,53,78,38,92,1974,1967,0.46,0.1,1.82,JAX
2015-4-8,75,63,86,53,78,31,91,2007,1978,0,0.1,1.92,JAX
2015-4-9,74,62,85,53,78,37,92,2000,2011,0,0.1,1.75,JAX
2015-4-10,77,65,89,54,78,37,92,2000,2011,0,0.1,3.83,JAX
2015-4-11,74,65,82,54,78,37,91,1996,2011,0,0.09,2.8,JAX
2015-4-12,75,69,81,54,79,41,92,1989,1965,0.48,0.1,1.7,JAX
2015-4-13,76,69,83,54,79,35,92,1940,2001,0.22,0.09,1.68,JAX
2015-4-14,78,67,88,54,79,40,90,1907,1922,0,0.1,2.42,JAX
2015-4-15,76,67,85,54,79,39,90,2004,1972,0.11,0.08,2.08,JAX
2015-4-16,67,64,70,55,79,40,90,2008,1972,0,0.09,0.91,JAX
2015-4-17,70,62,78,55,79,38,93,1950,1967,0,0.09,1,JAX
2015-4-18,75,63,87,55,80,37,94,2001,1967,0.27,0.08,2.6,JAX
2015-4-19,77,68,86,55,80,36,92,2001,1968,0,0.09,4.53,JAX
2015-4-20,70,63,77,55,80,40,92,1983,1968,0.04,0.09,2.46,JAX
2015-4-21,72,62,81,56,80,38,95,1983,1968,0,0.08,2.29,JAX
2015-4-22,70,54,85,56,80,42,93,1950,1968,0,0.08,1.21,JAX
2015-4-23,74,60,88,56,81,37,92,1993,1970,0,0.08,2.4,JAX
2015-4-24,68,61,75,56,81,39,93,1986,1958,0,0.07,1.04,JAX
2015-4-25,70,60,79,57,81,40,92,2005,1958,0.91,0.07,1.89,JAX
2015-4-26,80,70,90,57,81,40,92,1974,2011,0,0.07,0.86,JAX
2015-4-27,71,65,76,57,82,42,94,1977,1986,0,0.07,1.81,JAX
2015-4-28,68,65,71,57,82,43,94,1977,1991,0.01,0.07,2.65,JAX
2015-4-29,71,62,79,58,82,43,93,1973,1991,0,0.07,1.5,JAX
2015-4-30,68,57,79,58,82,42,93,1874,1991,0,0.07,2.39,JAX
2015-5-1,66,53,78,58,82,47,96,2000,1990,0,0.06,1.99,JAX
2015-5-2,63,49,77,59,83,47,95,1941,1990,0,0.06,2.28,JAX
2015-5-3,66,51,81,59,83,47,94,1981,2002,0,0.06,2.17,JAX
2015-5-4,67,54,80,59,83,45,93,1971,2006,0,0.06,4.21,JAX
2015-5-5,70,59,80,59,83,46,94,1976,1898,0,0.07,0.95,JAX
2015-5-6,71,61,80,60,84,45,96,1973,2012,0,0.07,1.64,JAX
2015-5-7,73,59,86,60,84,49,94,1992,1977,0,0.07,3.79,JAX
2015-5-8,76,64,87,60,84,45,96,1992,1955,0,0.07,1.29,JAX
2015-5-9,76,62,89,61,84,48,96,1928,1962,0,0.07,1.24,JAX
2015-5-10,78,63,92,61,84,49,93,1984,1899,0,0.07,1.18,JAX
2015-5-11,80,67,92,61,85,47,95,1986,1973,0,0.07,2.42,JAX
2015-5-12,80,67,92,62,85,47,97,1981,1967,0,0.07,1.9,JAX
2015-5-13,80,67,92,62,85,47,100,1941,1967,0,0.06,8.18,JAX
2015-5-14,76,67,85,62,85,47,99,2013,1967,0,0.07,2.02,JAX
2015-5-15,76,70,81,62,85,52,97,2002,1967,0,0.07,2.18,JAX
2015-5-16,71,60,82,63,86,52,96,1951,1995,0,0.06,0.63,JAX
2015-5-17,75,63,86,63,86,46,96,1973,1995,0,0.07,1.36,JAX
2015-5-18,76,65,87,63,86,46,96,2011,1899,0,0.07,4.94,JAX
2015-5-19,81,69,93,64,86,51,97,1977,1960,0.14,0.07,2.14,JAX
2015-5-20,80,67,92,64,86,46,99,1894,1962,0,0.07,5.07,JAX
2015-5-21,82,69,94,64,87,50,99,2002,1938,0,0.09,2.61,JAX
2015-5-22,75,64,86,65,87,47,99,1981,1938,0,0.09,7.59,JAX
2015-5-23,73,63,83,65,87,48,97,1993,1953,0,0.09,2.87,JAX
2015-5-24,77,70,84,65,87,52,98,2001,1953,0,0.1,4.09,JAX
2015-5-25,79,70,87,66,87,55,99,1892,1953,0,0.1,2.74,JAX
2015-5-26,80,71,88,66,87,47,99,1979,1953,0,0.1,2.4,JAX
2015-5-27,78,69,86,66,88,49,98,1979,1962,0,0.11,5.4,JAX
2015-5-28,73,62,84,66,88,52,99,1988,1967,0,0.1,4.47,JAX
2015-5-29,74,62,85,67,88,53,97,1988,1967,0,0.11,2.83,JAX
2015-5-30,73,65,81,67,88,51,97,1971,1945,0.94,0.12,1.82,JAX
2015-5-31,77,67,86,67,88,50,98,1984,1945,0,0.13,3.38,JAX
2015-6-1,78,66,89,67,88,47,99,1984,1945,0.72,0.16,2.8,JAX
2015-6-2,75,64,85,68,88,53,100,1984,1985,0.03,0.17,3.13,JAX
2015-6-3,78,68,88,68,89,57,100,1966,1985,0.24,0.17,5.31,JAX
2015-6-4,77,67,86,68,89,61,100,1966,1985,0,0.17,5.85,JAX
2015-6-5,77,67,86,68,89,59,100,1972,1943,0.02,0.17,3.31,JAX
2015-6-6,78,66,89,69,89,60,99,1971,1985,0,0.18,5.92,JAX
2015-6-7,77,66,87,69,89,59,100,2006,1993,0,0.19,4.72,JAX
2015-6-8,79,68,89,69,89,58,99,1998,1993,0,0.19,3.42,JAX
2015-6-9,82,73,91,69,89,58,101,1987,1872,0,0.2,2.36,JAX
2015-6-10,78,70,86,69,89,58,100,1913,1954,0.92,0.2,5.11,JAX
2015-6-11,78,67,89,70,90,57,99,1960,2010,0,0.21,3.44,JAX
2015-6-12,80,68,92,70,90,54,99,1913,1998,0,0.22,3.38,JAX
2015-6-13,82,71,93,70,90,57,100,1979,1977,0,0.23,6.07,JAX
2015-6-14,81,68,94,70,90,57,101,1972,1998,0,0.23,4.15,JAX
2015-6-15,81,68,94,70,90,57,102,1995,1981,0,0.23,3.6,JAX
2015-6-16,83,69,96,70,90,62,102,2002,1981,0,0.24,2.45,JAX
2015-6-17,85,72,97,70,90,61,100,1961,1944,0,0.24,2.49,JAX
2015-6-18,85,72,97,71,90,59,100,2012,1950,0,0.24,2.78,JAX
2015-6-19,86,73,98,71,90,60,103,1899,1998,0.71,0.24,4.37,JAX
2015-6-20,86,74,97,71,90,60,100,1899,1990,0,0.23,2.15,JAX
2015-6-21,86,76,96,71,91,60,99,1965,1950,0.06,0.23,2.85,JAX
2015-6-22,84,70,97,71,91,62,99,1965,1970,1.7,0.24,2.11,JAX
2015-6-23,81,71,91,71,91,63,99,1879,1981,0.25,0.23,2.27,JAX
2015-6-24,85,74,95,71,91,63,101,2003,1914,0,0.23,4.6,JAX
2015-6-25,81,73,89,71,91,64,99,1889,1950,1.16,0.23,7.36,JAX
2015-6-26,82,73,90,72,91,63,101,1966,1952,0.02,0.23,5.2,JAX
2015-6-27,84,75,92,72,91,65,102,1936,1950,0,0.24,1.39,JAX
2015-6-28,82,73,91,72,91,63,101,2012,1954,0.23,0.23,1.37,JAX
2015-6-29,79,71,86,72,91,63,100,1981,1998,0.23,0.24,5.9,JAX
2015-6-30,79,69,89,72,91,66,100,1974,1990,0.03,0.24,5.91,JAX
2014-7-1,98,86,109,82,107,65,115,1927,1990,0,0.02,2.68,PHX
2014-7-2,98,86,109,82,107,65,118,1911,2011,0,0.01,2.81,PHX
2014-7-3,94,79,108,82,107,64,117,1916,1907,0,0.02,0.22,PHX
2014-7-4,90,81,98,83,107,63,118,1912,1989,0,0.02,0.22,PHX
2014-7-5,94,84,103,83,107,63,116,1912,1983,0.01,0.02,0.18,PHX
2014-7-6,95,84,105,83,107,65,116,1902,1942,0,0.02,0.6,PHX
2014-7-7,98,88,108,83,107,66,115,1915,1905,0,0.02,0.75,PHX
2014-7-8,96,86,105,83,107,67,115,1955,1985,0,0.03,0.53,PHX
2014-7-9,92,83,101,83,107,66,116,1926,1958,0,0.02,0.44,PHX
2014-7-10,96,87,105,83,107,67,115,1926,1958,0,0.03,0.64,PHX
2014-7-11,98,88,107,84,107,68,118,1944,1958,0,0.03,0.48,PHX
2014-7-12,99,88,110,84,107,69,115,1944,2005,0,0.03,1.02,PHX
2014-7-13,95,80,110,84,107,66,114,1944,1989,0.03,0.03,1.3,PHX
2014-7-14,92,81,103,84,106,68,116,1962,2003,0.02,0.04,1.24,PHX
2014-7-15,95,86,103,84,106,66,117,1944,1998,0,0.04,0.72,PHX
2014-7-16,96,84,107,84,106,68,118,1907,1925,0,0.04,1.48,PHX
2014-7-17,96,86,105,84,106,65,116,1908,2005,0,0.04,1.31,PHX
2014-7-18,94,83,105,84,106,68,115,1946,1989,0,0.04,1.04,PHX
2014-7-19,96,88,104,84,106,68,116,1913,1989,0,0.04,0.8,PHX
2014-7-20,96,85,106,84,106,67,114,1900,1978,0,0.04,1.7,PHX
2014-7-21,96,85,107,84,106,65,118,1924,2006,0,0.05,1.54,PHX
2014-7-22,101,89,113,84,106,66,116,1924,2006,0,0.04,1.15,PHX
2014-7-23,104,94,114,84,106,69,114,1913,2006,0,0.04,0.41,PHX
2014-7-24,105,93,116,84,106,68,116,1913,2014,0,0.04,1.66,PHX
2014-7-25,98,87,109,84,106,67,115,1897,1943,0,0.05,1.1,PHX
2014-7-26,96,83,108,84,105,65,116,1952,1995,0,0.04,1.38,PHX
2014-7-27,94,83,104,84,105,65,118,1913,1995,0,0.04,1.23,PHX
2014-7-28,96,85,107,84,105,66,121,1913,1995,0,0.05,1.9,PHX
2014-7-29,101,92,110,84,105,68,115,1913,1995,0,0.04,2.05,PHX
2014-7-30,102,92,111,84,105,66,115,1913,1934,0,0.04,1.16,PHX
2014-7-31,98,87,109,84,105,70,115,1921,1972,0,0.04,1.33,PHX
2014-8-1,90,81,99,84,105,68,116,1950,1972,0,0.03,1.48,PHX
2014-8-2,90,78,102,84,105,70,113,1946,1918,0,0.04,1.09,PHX
2014-8-3,92,80,103,84,105,66,114,1956,1975,0,0.04,2.12,PHX
2014-8-4,92,79,105,84,105,68,116,1956,1975,0,0.03,0.78,PHX
2014-8-5,94,83,105,84,105,69,114,1965,1969,0,0.04,1.16,PHX
2014-8-6,96,84,108,84,105,68,114,1949,1995,0,0.03,2.01,PHX
2014-8-7,94,82,105,83,105,66,112,1928,1905,0,0.04,0.87,PHX
2014-8-8,95,85,105,83,105,67,116,1903,2012,0,0.03,0.58,PHX
2014-8-9,94,84,104,83,105,70,114,1930,2012,0,0.03,0.45,PHX
2014-8-10,94,84,104,83,105,68,116,1949,2003,0,0.04,0.32,PHX
2014-8-11,98,87,109,83,105,65,113,1949,1962,0,0.03,0.54,PHX
2014-8-12,88,77,98,83,105,64,115,1949,2012,0.44,0.03,0.84,PHX
2014-8-13,84,73,95,83,105,69,115,1949,2012,0.11,0.04,0.3,PHX
2014-8-14,93,83,102,83,105,69,113,1925,1988,0,0.03,1.2,PHX
2014-8-15,94,83,104,83,105,66,112,1968,1992,0,0.03,1.84,PHX
2014-8-16,97,87,106,83,105,64,113,1918,1992,0,0.03,1.32,PHX
2014-8-17,99,88,109,83,104,64,114,1949,2013,0,0.03,0.89,PHX
2014-8-18,91,83,98,83,104,62,112,1918,2011,0,0.03,1.73,PHX
2014-8-19,83,74,91,83,104,63,113,1918,1986,0.43,0.03,0.78,PHX
2014-8-20,87,75,98,83,104,58,112,1917,1982,0,0.04,1.59,PHX
2014-8-21,81,71,90,82,104,62,110,1916,2007,0.19,0.03,0.72,PHX
2014-8-22,83,72,93,82,104,65,113,1917,2011,0,0.03,0.5,PHX
2014-8-23,87,76,97,82,104,61,114,1968,2011,0,0.03,0.8,PHX
2014-8-24,91,79,103,82,104,61,115,1965,1985,0,0.04,1.16,PHX
2014-8-25,92,83,101,82,104,65,113,1965,2011,0,0.03,0.9,PHX
2014-8-26,90,80,100,82,104,65,117,1928,2011,0,0.03,0.65,PHX
2014-8-27,93,83,103,82,104,64,113,1920,1981,0,0.03,2.43,PHX
2014-8-28,95,83,106,82,104,64,113,1920,1998,0,0.03,0.94,PHX
2014-8-29,96,83,108,82,104,64,113,1920,1981,0,0.03,0.68,PHX
2014-8-30,97,83,111,81,104,64,113,1920,2011,0,0.03,0.34,PHX
2014-8-31,96,83,109,81,104,62,113,1962,1950,0,0.02,0.61,PHX
2014-9-1,95,81,108,81,104,63,116,1962,1950,0,0.03,1.21,PHX
2014-9-2,96,82,109,81,103,64,112,1964,1982,0,0.02,1.36,PHX
2014-9-3,96,84,108,81,103,64,112,1964,1983,0,0.03,0.35,PHX
2014-9-4,95,83,107,80,103,60,112,1921,1948,0,0.02,2.91,PHX
2014-9-5,91,80,101,80,103,61,113,1912,1945,0,0.03,2.43,PHX
2014-9-6,96,86,105,80,103,63,111,1921,1986,0,0.02,0.43,PHX
2014-9-7,94,84,104,80,102,61,111,1895,1979,0,0.03,0.82,PHX
2014-9-8,81,71,90,80,102,62,110,1912,1979,3.29,0.02,3.29,PHX
2014-9-9,86,79,92,79,102,61,110,1920,1974,0,0.03,0.66,PHX
2014-9-10,88,79,97,79,102,59,111,1912,1990,0,0.02,1.01,PHX
2014-9-11,90,79,100,79,102,58,112,1912,1990,0,0.02,1.08,PHX
2014-9-12,91,78,104,78,101,58,110,1920,1971,0,0.02,1.9,PHX
2014-9-13,92,83,100,78,101,55,109,1952,2000,0,0.02,1.25,PHX
2014-9-14,92,81,102,78,101,58,112,1915,2000,0,0.02,1.5,PHX
2014-9-15,96,87,105,77,100,53,110,1915,2000,0,0.02,0.07,PHX
2014-9-16,86,80,92,77,100,56,109,1906,1928,0.01,0.03,1.33,PHX
2014-9-17,84,78,89,77,100,56,109,1906,1962,0.14,0.01,1.19,PHX
2014-9-18,86,76,96,76,99,58,109,1950,2010,0,0.02,1.46,PHX
2014-9-19,90,82,98,76,99,54,111,1965,2010,0,0.02,1.06,PHX
2014-9-20,90,81,99,76,99,47,107,1965,2010,0,0.02,0.49,PHX
2014-9-21,90,80,99,75,98,47,107,1965,2003,0,0.02,0.63,PHX
2014-9-22,91,80,101,75,98,47,109,1895,1989,0,0.02,0.41,PHX
2014-9-23,90,77,102,75,98,54,108,1965,1982,0,0.02,0.72,PHX
2014-9-24,91,77,104,74,97,55,108,1968,2002,0,0.02,0.68,PHX
2014-9-25,92,81,103,74,97,49,108,1913,1979,0,0.01,0.42,PHX
2014-9-26,92,82,101,73,96,50,108,1900,1989,0,0.02,2.62,PHX
2014-9-27,82,69,95,73,96,51,107,1920,2009,1.64,0.02,1.64,PHX
2014-9-28,79,71,87,72,96,50,108,1923,1992,0.02,0.02,1.31,PHX
2014-9-29,78,67,89,72,95,52,107,1923,2003,0,0.02,1.66,PHX
2014-9-30,78,66,89,72,95,49,107,1965,1980,0,0.02,0.31,PHX
2014-10-1,79,67,91,71,94,49,107,1927,1980,0,0.02,0.73,PHX
2014-10-2,81,69,92,71,94,49,107,1927,1980,0,0.02,0.6,PHX
2014-10-3,83,67,99,70,94,49,105,1907,1988,0,0.02,1.29,PHX
2014-10-4,84,69,99,70,93,46,103,1908,1993,0,0.02,0.91,PHX
2014-10-5,83,69,96,69,93,46,104,1908,1987,0,0.02,0.6,PHX
2014-10-6,82,70,93,69,92,46,105,1913,1917,0,0.02,1.17,PHX
2014-10-7,81,72,90,69,92,44,104,1913,1991,0,0.02,0.3,PHX
2014-10-8,76,69,82,68,92,47,104,1913,1950,0.05,0.02,1.04,PHX
2014-10-9,77,70,84,68,91,48,103,1949,1996,0,0.02,0.62,PHX
2014-10-10,79,69,89,67,91,44,105,1961,1991,0,0.01,0.56,PHX
2014-10-11,81,70,92,67,91,45,102,1920,1991,0,0.02,0.31,PHX
2014-10-12,82,70,94,66,90,44,103,1924,1950,0,0.02,0.32,PHX
2014-10-13,78,65,90,66,90,48,101,1969,1989,0,0.02,0.16,PHX
2014-10-14,80,65,94,66,89,43,100,1920,1973,0,0.02,2.32,PHX
2014-10-15,80,69,90,65,89,41,103,1899,1991,0,0.02,0.72,PHX
2014-10-16,80,67,92,65,89,40,101,1899,1991,0,0.01,0.32,PHX
2014-10-17,80,71,89,64,88,42,102,1938,2009,0,0.02,0.28,PHX
2014-10-18,79,68,90,64,88,43,103,1966,2003,0,0.02,0.75,PHX
2014-10-19,82,69,94,64,87,40,101,1917,2003,0.08,0.02,1.69,PHX
2014-10-20,78,66,90,63,87,40,103,1949,2003,0,0.02,0.41,PHX
2014-10-21,80,69,91,63,87,39,103,1949,2003,0,0.02,0.4,PHX
2014-10-22,80,67,93,62,86,37,102,1906,2003,0,0.02,0.38,PHX
2014-10-23,81,67,94,62,86,37,100,1906,2003,0,0.01,0.52,PHX
2014-10-24,82,68,96,62,85,41,96,1920,1959,0,0.02,0.22,PHX
2014-10-25,83,70,96,61,85,40,96,1956,1990,0,0.02,0.36,PHX
2014-10-26,80,71,89,61,85,42,98,1920,2001,0,0.02,0.33,PHX
2014-10-27,80,71,88,60,84,39,98,1918,2001,0,0.02,1.12,PHX
2014-10-28,77,65,88,60,84,41,97,1908,2007,0,0.01,0.92,PHX
2014-10-29,78,64,91,60,83,40,95,1971,2007,0,0.02,0.48,PHX
2014-10-30,79,64,94,59,83,34,94,1971,1990,0,0.02,1,PHX
2014-10-31,81,67,95,59,83,36,96,1900,1988,0,0.02,1.05,PHX
2014-11-1,76,69,83,58,82,37,96,1971,1924,0,0.02,1.25,PHX
2014-11-2,67,60,73,58,82,34,96,1956,1924,0,0.02,0.44,PHX
2014-11-3,64,53,75,58,81,36,96,1956,2009,0,0.02,0.31,PHX
2014-11-4,67,53,81,57,81,32,95,1956,2001,0,0.02,0.32,PHX
2014-11-5,73,60,85,57,80,32,93,1922,2007,0,0.02,0.63,PHX
2014-11-6,73,60,86,56,80,34,94,1922,2007,0,0.02,0.5,PHX
2014-11-7,72,59,84,56,79,34,92,1947,2007,0,0.02,0.39,PHX
2014-11-8,74,58,90,56,79,32,91,1897,1906,0,0.02,0.36,PHX
2014-11-9,74,61,87,55,79,31,88,1897,1973,0,0.02,0.55,PHX
2014-11-10,72,59,84,55,78,33,91,1948,2009,0,0.02,2.24,PHX
2014-11-11,71,58,84,54,78,35,91,1935,1934,0,0.01,1.41,PHX
2014-11-12,70,60,80,54,77,33,93,1898,1999,0,0.02,1.02,PHX
2014-11-13,71,61,80,54,77,31,91,1938,1999,0,0.02,0.96,PHX
2014-11-14,67,61,73,53,76,28,91,1916,1999,0,0.02,1.58,PHX
2014-11-15,67,57,77,53,76,33,90,1925,1999,0,0.02,0.58,PHX
2014-11-16,62,53,71,52,75,32,89,1916,1999,0,0.02,0.94,PHX
2014-11-17,59,47,71,52,75,32,87,1964,2008,0,0.01,0.78,PHX
2014-11-18,61,47,74,52,74,31,88,1958,2008,0,0.02,0.65,PHX
2014-11-19,62,50,74,51,74,30,88,1921,1897,0,0.02,0.65,PHX
2014-11-20,61,48,74,51,73,31,89,1956,2006,0,0.03,1.16,PHX
2014-11-21,63,53,72,51,73,30,88,1948,1924,0,0.02,0.6,PHX
2014-11-22,59,46,72,50,72,30,89,1953,1950,0,0.02,1.6,PHX
2014-11-23,61,48,74,50,72,27,87,1931,1950,0,0.03,0.98,PHX
2014-11-24,57,42,71,49,72,28,88,1931,1950,0,0.03,0.54,PHX
2014-11-25,58,46,69,49,71,32,88,1938,1950,0,0.03,0.64,PHX
2014-11-26,59,44,74,49,71,32,88,1966,1950,0,0.02,1.02,PHX
2014-11-27,67,47,87,48,70,31,87,1966,2014,0,0.03,1.29,PHX
2014-11-28,68,52,84,48,70,32,86,1896,1901,0,0.03,0.51,PHX
2014-11-29,66,51,80,48,70,29,85,1919,1999,0,0.03,0.72,PHX
2014-11-30,67,53,80,47,69,30,84,1911,1949,0,0.02,1.23,PHX
2014-12-1,62,51,73,47,69,31,83,1918,1949,0,0.03,0.4,PHX
2014-12-2,62,54,70,47,68,30,81,1913,1940,0.03,0.02,0.41,PHX
2014-12-3,68,60,76,47,68,30,81,1934,1940,0.01,0.03,0.69,PHX
2014-12-4,64,60,68,46,68,28,83,1909,1979,0.61,0.03,0.91,PHX
2014-12-5,65,57,72,46,68,25,82,1909,1965,0,0.03,0.67,PHX
2014-12-6,64,57,71,46,67,27,83,1960,1939,0,0.03,0.5,PHX
2014-12-7,64,51,77,46,67,27,83,1948,1939,0,0.02,1.08,PHX
2014-12-8,66,55,76,45,67,24,84,1916,1939,0,0.03,1.06,PHX
2014-12-9,66,54,78,45,67,24,84,1916,1981,0,0.03,0.77,PHX
2014-12-10,66,54,77,45,66,29,87,1967,1950,0,0.03,1.12,PHX
2014-12-11,66,56,76,45,66,26,81,1916,1950,0,0.03,0.87,PHX
2014-12-12,68,57,78,45,66,28,79,1971,2010,0,0.03,0.72,PHX
2014-12-13,59,51,66,45,66,26,82,1911,2010,0.08,0.03,1.04,PHX
2014-12-14,55,46,63,45,66,24,78,1901,2010,0,0.03,1.43,PHX
2014-12-15,55,46,64,44,66,26,79,1916,1952,0,0.03,0.86,PHX
2014-12-16,57,49,65,44,65,28,86,1931,1980,0,0.03,0.26,PHX
2014-12-17,56,51,61,44,65,28,82,1927,2013,0.07,0.03,1.35,PHX
2014-12-18,56,50,62,44,65,29,79,1933,1950,0,0.03,1.02,PHX
2014-12-19,55,45,64,44,65,25,79,1968,1917,0,0.03,0.98,PHX
2014-12-20,56,45,66,44,65,24,78,1897,1954,0,0.02,0.28,PHX
2014-12-21,56,47,65,44,65,27,77,1897,1985,0,0.03,0.52,PHX
2014-12-22,57,47,66,44,65,23,79,1897,1917,0,0.03,0.96,PHX
2014-12-23,58,47,68,44,65,26,79,1990,1950,0,0.02,0.83,PHX
2014-12-24,55,43,66,44,65,25,81,1953,1955,0,0.03,0.93,PHX
2014-12-25,55,45,64,44,65,27,78,1953,1950,0,0.03,0.63,PHX
2014-12-26,48,38,57,44,65,22,78,1911,1980,0,0.02,0.56,PHX
2014-12-27,48,35,60,44,65,24,82,1911,1980,0,0.03,1.05,PHX
2014-12-28,48,36,60,44,65,24,78,1954,1917,0,0.03,0.79,PHX
2014-12-29,49,36,61,44,65,26,85,1966,1980,0,0.03,0.47,PHX
2014-12-30,50,37,63,44,65,23,81,1895,1980,0,0.03,1.5,PHX
2014-12-31,43,36,50,44,66,22,79,1900,1897,0.11,0.03,0.8,PHX
2015-1-1,41,35,46,44,66,24,81,1919,1981,0,0.03,0.22,PHX
2015-1-2,43,31,54,45,66,23,81,1919,1981,0,0.03,0.99,PHX
2015-1-3,44,34,54,45,66,25,79,1950,1956,0,0.03,0.82,PHX
2015-1-4,50,35,65,45,66,23,83,1950,1927,0,0.03,0.65,PHX
2015-1-5,57,40,74,45,66,23,80,1950,1927,0,0.03,0.31,PHX
2015-1-6,62,44,79,45,66,17,81,1913,2006,0,0.03,0.76,PHX
2015-1-7,64,47,81,45,66,16,81,1913,2015,0,0.03,0.67,PHX
2015-1-8,63,54,71,45,66,19,81,1913,2002,0,0.03,1.22,PHX
2015-1-9,63,51,75,45,66,24,84,1964,1923,0,0.03,1.18,PHX
2015-1-10,60,54,65,45,67,25,84,1964,1990,0,0.03,1.51,PHX
2015-1-11,63,54,72,45,67,20,83,1964,1953,0.01,0.03,1.74,PHX
2015-1-12,62,56,67,45,67,22,80,1962,1996,0.02,0.03,1.04,PHX
2015-1-13,57,51,63,45,67,20,79,1963,1904,0.11,0.03,0.81,PHX
2015-1-14,57,46,67,45,67,22,81,1963,2000,0,0.04,0.77,PHX
2015-1-15,60,47,72,46,67,23,81,1964,2000,0,0.03,0.69,PHX
2015-1-16,62,49,74,46,67,22,83,1964,1976,0,0.03,1.05,PHX
2015-1-17,60,47,73,46,67,26,83,1964,1976,0,0.03,1.07,PHX
2015-1-18,62,48,75,46,68,27,80,1915,1971,0,0.03,0.51,PHX
2015-1-19,63,50,75,46,68,27,88,1915,1971,0,0.03,0.87,PHX
2015-1-20,62,48,75,46,68,22,84,1963,1950,0,0.03,0.77,PHX
2015-1-21,64,53,74,46,68,24,81,1922,2014,0,0.02,1.33,PHX
2015-1-22,57,48,65,46,68,21,81,1937,2013,0,0.03,0.35,PHX
2015-1-23,54,43,64,46,68,24,81,1937,2013,0,0.03,0.25,PHX
2015-1-24,64,50,77,46,68,24,80,1937,1951,0,0.02,0.51,PHX
2015-1-25,63,48,78,46,68,23,83,1898,1951,0,0.03,0.71,PHX
2015-1-26,62,53,71,46,68,26,81,1950,1987,0.01,0.03,1.18,PHX
2015-1-27,64,53,74,47,68,26,82,1950,2003,0,0.03,0.87,PHX
2015-1-28,64,52,75,47,69,30,83,1937,1971,0,0.02,0.57,PHX
2015-1-29,65,58,71,47,69,27,83,1948,1935,0.24,0.03,1.45,PHX
2015-1-30,58,55,60,47,69,28,82,1970,1935,0.35,0.03,1.19,PHX
2015-1-31,57,53,60,47,69,27,86,1949,2003,0.07,0.03,0.59,PHX
2015-2-1,60,50,69,47,69,28,83,1985,2003,0,0.03,1.13,PHX
2015-2-2,61,48,73,47,69,29,82,1922,1925,0,0.03,0.35,PHX
2015-2-3,63,50,76,47,69,28,86,1922,1925,0,0.03,1.06,PHX
2015-2-4,65,52,77,47,69,27,85,1955,1963,0,0.02,0.89,PHX
2015-2-5,67,52,82,47,69,28,87,1964,1963,0,0.03,0.82,PHX
2015-2-6,69,54,84,48,69,28,87,1955,1963,0,0.03,0.92,PHX
2015-2-7,67,53,81,48,70,24,89,1899,1963,0,0.03,0.74,PHX
2015-2-8,69,55,82,48,70,24,86,1933,1970,0,0.03,0.83,PHX
2015-2-9,69,55,83,48,70,28,84,1933,1987,0,0.03,0.88,PHX
2015-2-10,70,57,83,48,70,28,87,1939,1951,0,0.03,0.81,PHX
2015-2-11,68,54,81,48,70,26,83,1933,1951,0,0.03,0.77,PHX
2015-2-12,68,58,78,48,70,28,84,1965,1971,0,0.02,0.74,PHX
2015-2-13,68,55,80,48,70,27,88,1948,1957,0,0.03,1.42,PHX
2015-2-14,69,54,83,49,71,28,85,1966,1957,0,0.04,0.92,PHX
2015-2-15,71,63,79,49,71,26,86,1949,2014,0,0.03,0.79,PHX
2015-2-16,67,55,79,49,71,28,84,1964,1977,0,0.03,0.68,PHX
2015-2-17,66,55,77,49,71,26,88,1910,2014,0,0.04,0.57,PHX
2015-2-18,65,50,79,49,71,29,86,1964,1977,0,0.03,0.72,PHX
2015-2-19,66,52,80,49,71,29,88,1955,1977,0,0.04,0.93,PHX
2015-2-20,67,55,79,50,72,27,87,1955,1977,0,0.04,0.55,PHX
2015-2-21,67,54,79,50,72,29,86,1955,1982,0,0.04,0.73,PHX
2015-2-22,64,56,72,50,72,26,87,1955,1982,0,0.04,0.45,PHX
2015-2-23,65,59,70,50,72,29,89,1955,1989,0.01,0.03,0.94,PHX
2015-2-24,59,51,67,50,72,29,91,1964,1904,0,0.04,1.46,PHX
2015-2-25,60,47,72,50,72,29,92,1960,1921,0,0.04,0.81,PHX
2015-2-26,64,51,77,51,73,33,91,1919,1986,0,0.04,0.62,PHX
2015-2-27,64,50,78,51,73,28,92,1964,1986,0,0.03,0.57,PHX
2015-2-28,65,60,70,51,73,30,89,1962,1986,0,0.04,0.75,PHX
2015-3-1,69,61,77,51,73,31,89,1964,1986,0,0.04,0.94,PHX
2015-3-2,59,52,66,51,74,30,90,1971,1921,0.23,0.04,0.74,PHX
2015-3-3,56,47,65,51,74,28,91,1966,1921,0.07,0.04,1.98,PHX
2015-3-4,59,47,70,52,74,25,88,1966,1972,0,0.04,1.16,PHX
2015-3-5,61,46,75,52,74,31,93,1966,1972,0,0.03,0.97,PHX
2015-3-6,67,51,83,52,74,34,92,1967,1972,0,0.04,1.53,PHX
2015-3-7,69,55,83,52,75,34,91,1931,1972,0,0.04,0.71,PHX
2015-3-8,69,55,83,52,75,32,92,1969,1989,0,0.03,0.84,PHX
2015-3-9,70,56,84,52,75,29,94,1964,1972,0,0.04,0.98,PHX
2015-3-10,73,58,87,53,75,34,95,1964,1972,0,0.04,0.52,PHX
2015-3-11,73,59,87,53,76,33,94,1899,1900,0,0.03,1.4,PHX
2015-3-12,77,68,86,53,76,34,94,1909,1900,0,0.04,1.1,PHX
2015-3-13,74,60,88,53,76,32,92,1954,1972,0,0.04,0.51,PHX
2015-3-14,76,63,88,53,76,33,95,1969,2013,0,0.03,1.07,PHX
2015-3-15,76,63,89,53,77,31,92,1962,2007,0,0.04,0.79,PHX
2015-3-16,78,65,90,54,77,34,99,1917,2007,0,0.04,1.14,PHX
2015-3-17,78,64,91,54,77,31,99,1917,2007,0,0.03,0.54,PHX
2015-3-18,72,62,81,54,77,36,94,1954,2007,0.02,0.03,0.25,PHX
2015-3-19,65,60,70,54,78,34,92,1898,2004,0.01,0.04,0.54,PHX
2015-3-20,71,61,81,54,78,35,95,1898,2004,0,0.03,0.86,PHX
2015-3-21,73,60,85,54,78,35,97,1955,2004,0,0.02,0.27,PHX
2015-3-22,75,60,89,55,78,32,94,1897,1990,0,0.03,0.81,PHX
2015-3-23,75,61,88,55,79,31,93,1897,1990,0,0.03,0.52,PHX
2015-3-24,73,59,86,55,79,36,94,1949,1990,0,0.03,0.4,PHX
2015-3-25,75,62,88,55,79,34,93,1929,1990,0,0.02,0.64,PHX
2015-3-26,77,64,89,55,79,35,100,1913,1988,0,0.03,1.19,PHX
2015-3-27,79,63,95,55,80,33,98,1898,1986,0,0.02,0.65,PHX
2015-3-28,80,64,95,56,80,34,95,1898,1986,0,0.02,0.91,PHX
2015-3-29,81,65,97,56,80,36,97,1907,2015,0,0.02,0.42,PHX
2015-3-30,83,70,96,56,81,38,97,1898,2004,0,0.02,0.14,PHX
2015-3-31,82,68,95,56,81,32,95,1897,2015,0,0.02,0.27,PHX
2015-4-1,79,67,91,56,81,37,100,1904,2011,0,0.02,0.46,PHX
2015-4-2,76,64,87,57,81,37,98,1917,1943,0,0.01,0.68,PHX
2015-4-3,73,60,86,57,82,38,97,1906,1943,0,0.02,0.69,PHX
2015-4-4,76,62,89,57,82,39,98,1955,1961,0,0.02,0.43,PHX
2015-4-5,75,61,89,57,82,37,98,1921,1989,0,0.01,1.3,PHX
2015-4-6,74,61,86,57,82,38,102,1909,1989,0,0.02,0.56,PHX
2015-4-7,71,58,84,58,83,38,104,1922,1989,0,0.02,0.19,PHX
2015-4-8,70,61,78,58,83,39,104,1929,1989,0,0.01,0.99,PHX
2015-4-9,69,54,83,58,83,40,102,1953,1989,0,0.02,0.36,PHX
2015-4-10,72,57,87,58,84,35,100,1922,1989,0,0.01,0.83,PHX
2015-4-11,73,60,86,59,84,39,98,1979,1989,0,0.01,1.05,PHX
2015-4-12,76,65,86,59,84,40,99,1967,1936,0,0.01,0.27,PHX
2015-4-13,77,63,90,59,84,39,99,1927,1962,0,0.01,0.16,PHX
2015-4-14,81,67,94,60,85,40,103,1945,1925,0,0.01,0.38,PHX
2015-4-15,75,65,84,60,85,40,101,1970,1962,0,0,0.3,PHX
2015-4-16,66,56,75,60,85,40,101,1924,1984,0,0.01,0.67,PHX
2015-4-17,69,55,82,61,86,38,100,1924,1987,0,0.01,0.45,PHX
2015-4-18,75,59,90,61,86,38,100,1896,1962,0,0,0.21,PHX
2015-4-19,77,62,92,61,86,37,103,1968,1989,0,0.01,0.82,PHX
2015-4-20,79,65,93,61,87,38,105,1933,1989,0,0.01,0.41,PHX
2015-4-21,78,65,91,62,87,42,103,1967,1989,0,0,0.44,PHX
2015-4-22,77,65,89,62,87,39,105,1904,2012,0,0.01,0.9,PHX
2015-4-23,73,62,83,62,87,40,103,1923,2012,0,0,0.57,PHX
2015-4-24,70,62,78,63,88,41,99,1923,1987,0.02,0,0.17,PHX
2015-4-25,69,56,81,63,88,41,102,1964,1898,0.02,0.01,0.33,PHX
2015-4-26,65,54,75,63,88,42,101,1964,1992,0.14,0,0.2,PHX
2015-4-27,72,57,87,64,89,45,104,1963,1992,0,0.01,0.34,PHX
2015-4-28,81,68,93,64,89,45,104,1896,1992,0,0,0.65,PHX
2015-4-29,84,71,96,64,89,43,105,1970,1992,0,0.01,0.22,PHX
2015-4-30,85,70,99,65,90,39,102,1967,1943,0,0,0.17,PHX
2015-5-1,86,70,101,65,90,42,103,1915,1985,0,0,0.27,PHX
2015-5-2,85,72,98,65,90,40,107,1967,1947,0,0.01,0.47,PHX
2015-5-3,86,75,96,66,91,39,109,1899,1947,0,0,0.09,PHX
2015-5-4,75,65,85,66,91,45,106,1899,1947,0.24,0.01,0.91,PHX
2015-5-5,77,67,86,66,91,45,105,1964,1989,0,0,0.46,PHX
2015-5-6,80,69,90,67,92,44,105,1964,1947,0,0,0.12,PHX
2015-5-7,76,65,86,67,92,45,108,1896,1989,0,0.01,0.15,PHX
2015-5-8,68,61,75,67,92,40,110,1965,1989,0,0,0.12,PHX
2015-5-9,67,57,77,68,93,45,108,1950,1934,0,0,0.46,PHX
2015-5-10,75,61,89,68,93,46,111,1930,1934,0,0.01,0.78,PHX
2015-5-11,82,67,96,68,93,43,110,1905,1934,0,0,0.17,PHX
2015-5-12,81,70,91,68,94,48,109,1905,1996,0,0.01,0.22,PHX
2015-5-13,80,69,91,69,94,48,108,1962,1978,0,0,0.08,PHX
2015-5-14,79,70,87,69,94,50,107,1907,1927,0,0,0.21,PHX
2015-5-15,67,57,76,69,95,50,107,1968,1937,0.93,0.01,0.93,PHX
2015-5-16,66,57,75,70,95,49,106,1955,1997,0,0,0.08,PHX
2015-5-17,75,64,86,70,95,49,108,1943,1970,0,0.01,0.09,PHX
2015-5-18,78,65,90,70,95,44,107,1903,1970,0,0,0.06,PHX
2015-5-19,76,65,87,70,96,48,110,1903,2008,0,0,0.23,PHX
2015-5-20,80,67,93,71,96,49,108,1902,2008,0,0.01,0.73,PHX
2015-5-21,82,72,91,71,96,48,109,1902,2005,0,0,0.42,PHX
2015-5-22,74,66,82,71,97,48,109,1962,2000,0,0,0.28,PHX
2015-5-23,74,64,83,71,97,49,109,1965,2001,0,0.01,0.12,PHX
2015-5-24,76,66,85,72,97,52,109,1944,1983,0,0,0.34,PHX
2015-5-25,80,67,92,72,98,48,108,1965,2001,0,0,0.05,PHX
2015-5-26,84,71,96,72,98,48,112,1916,1951,0,0.01,0.14,PHX
2015-5-27,85,73,97,72,98,48,111,1917,1951,0,0,0.05,PHX
2015-5-28,85,71,98,73,99,53,113,1929,1983,0,0,0.27,PHX
2015-5-29,88,73,103,73,99,50,112,1918,1910,0,0,0.08,PHX
2015-5-30,90,74,105,73,99,51,114,1918,1910,0,0.01,0.01,PHX
2015-5-31,93,78,107,73,100,54,109,1918,2001,0,0,0.1,PHX
2015-6-1,92,78,105,74,100,50,111,1917,2012,0,0,0.02,PHX
2015-6-2,90,76,104,74,100,53,110,1917,1977,0,0,0.14,PHX
2015-6-3,88,74,102,74,101,51,112,1965,2006,0,0,0.41,PHX
2015-6-4,85,73,97,75,101,49,113,1908,1990,0,0,0.16,PHX
2015-6-5,81,72,90,75,101,55,112,1932,1990,0.16,0,0.16,PHX
2015-6-6,85,73,97,75,102,58,110,1967,2002,0.03,0,0.11,PHX
2015-6-7,86,71,100,75,102,56,115,1963,1985,0,0,0.06,PHX
2015-6-8,92,78,105,76,102,55,115,1950,1985,0,0,0.15,PHX
2015-6-9,89,83,95,76,103,54,114,1907,1985,0,0,0.07,PHX
2015-6-10,88,80,95,76,103,55,111,1965,1978,0,0,0.26,PHX
2015-6-11,91,82,100,76,103,55,114,1913,1918,0,0,0.02,PHX
2015-6-12,91,78,104,77,103,59,112,1913,1974,0,0,0.92,PHX
2015-6-13,93,80,105,77,104,59,114,1917,1936,0,0,0.04,PHX
2015-6-14,95,83,107,77,104,56,115,1922,1974,0,0,0.02,PHX
2015-6-15,99,86,112,78,104,54,115,1907,1974,0,0,0.08,PHX
2015-6-16,99,85,112,78,104,54,115,1907,1974,0,0,0.01,PHX
2015-6-17,100,86,114,78,105,54,114,1965,1896,0,0,0.19,PHX
2015-6-18,101,86,115,78,105,54,115,1921,1989,0,0.01,0.25,PHX
2015-6-19,100,85,114,79,105,61,115,1965,1968,0,0,0.19,PHX
2015-6-20,96,80,112,79,105,61,115,1964,1968,0,0,0.15,PHX
2015-6-21,99,88,109,79,105,57,115,1923,1968,0,0,0.27,PHX
2015-6-22,97,85,109,80,106,56,116,1965,1988,0,0,1.37,PHX
2015-6-23,99,87,111,80,106,61,116,1923,1974,0,0,0.84,PHX
2015-6-24,100,87,112,80,106,62,118,1945,1929,0,0,0.26,PHX
2015-6-25,100,90,110,80,106,60,120,1965,1990,0,0,0.34,PHX
2015-6-26,98,89,107,81,106,62,122,1963,1990,0,0,0.07,PHX
2015-6-27,99,90,108,81,106,55,118,1965,1990,0.01,0,0.04,PHX
2015-6-28,99,87,110,81,106,59,118,1965,1990,0,0.01,0.26,PHX
2015-6-29,98,86,110,81,107,59,119,1913,2013,0.05,0,0.09,PHX
2015-6-30,96,85,107,82,107,64,115,1913,1950,0,0,0.21,PHX
2014-7-1,76,66,86,66,85,48,97,1885,1970,0.13,0.16,5.09,IND
2014-7-2,71,63,79,66,85,50,99,1904,1970,0,0.16,4.5,IND
2014-7-3,67,60,73,66,85,49,100,1968,1911,0,0.15,1.89,IND
2014-7-4,67,54,79,66,85,48,103,1968,1911,0,0.15,2.4,IND
2014-7-5,69,59,79,66,85,49,103,1972,2012,0,0.16,3.27,IND
2014-7-6,74,64,83,66,85,48,105,2001,2012,0.03,0.15,1.64,IND
2014-7-7,74,68,79,66,85,54,105,1894,2012,0,0.16,4.43,IND
2014-7-8,74,67,81,66,85,51,104,1984,1936,0.32,0.16,2.6,IND
2014-7-9,72,62,81,66,85,52,103,1952,1936,0,0.16,2.49,IND
2014-7-10,71,61,80,66,85,50,105,1963,1936,0,0.16,1.52,IND
2014-7-11,71,60,81,66,85,52,104,1945,1936,0,0.16,2.49,IND
2014-7-12,74,67,80,66,85,53,103,1975,1936,0.07,0.16,2.7,IND
2014-7-13,78,72,84,66,85,49,103,1976,1936,0,0.17,2.78,IND
2014-7-14,75,65,85,66,85,48,106,1975,1936,0.39,0.16,2.96,IND
2014-7-15,64,56,71,66,85,51,103,1967,1988,0,0.17,2.05,IND
2014-7-16,63,53,72,66,85,49,98,1945,1988,0,0.15,2.32,IND
2014-7-17,65,53,77,66,85,51,101,1976,2012,0,0.15,3.71,IND
2014-7-18,68,57,78,66,85,51,100,1976,1954,0,0.15,2.61,IND
2014-7-19,68,58,77,66,85,50,98,1984,1930,0,0.14,1.31,IND
2014-7-20,71,60,81,66,85,49,103,1947,1934,0,0.13,4,IND
2014-7-21,74,62,85,66,85,46,106,1944,1934,0,0.14,1.89,IND
2014-7-22,78,67,88,66,85,49,106,1947,1901,0,0.14,1.82,IND
2014-7-23,69,62,76,66,85,46,102,1947,1934,1.61,0.14,1.61,IND
2014-7-24,67,58,76,66,85,52,105,1947,1934,0,0.14,1.98,IND
2014-7-25,65,56,74,66,85,51,105,1911,1934,0,0.13,2.61,IND
2014-7-26,75,67,82,66,85,51,98,1911,1941,0.1,0.13,2.41,IND
2014-7-27,76,66,85,66,85,51,100,1962,1916,0.22,0.12,1.86,IND
2014-7-28,65,57,73,66,85,51,101,2013,1930,0,0.12,2.95,IND
2014-7-29,64,52,75,66,85,51,100,1881,1941,0.21,0.13,0.8,IND
2014-7-30,68,57,78,66,84,51,103,1965,1940,0.02,0.13,1.63,IND
2014-7-31,70,59,80,66,84,49,98,1895,1913,0,0.12,2.84,IND
2014-8-1,72,61,82,65,84,53,97,1971,1887,0.01,0.11,2.86,IND
2014-8-2,73,63,82,65,84,52,98,1927,1888,0,0.11,2.53,IND
2014-8-3,73,61,84,65,84,50,98,1965,1897,0,0.11,1.72,IND
2014-8-4,74,62,85,65,84,49,99,1912,1887,0,0.1,3.81,IND
2014-8-5,73,65,81,65,84,51,103,1974,1918,0,0.1,1.65,IND
2014-8-6,71,63,79,65,84,50,99,1994,1918,0,0.11,4.46,IND
2014-8-7,71,64,78,65,84,49,98,1989,1930,0,0.1,1.08,IND
2014-8-8,70,65,74,65,84,48,98,1989,2012,0.03,0.09,1.51,IND
2014-8-9,76,68,83,65,84,50,99,1884,1930,0,0.1,2.36,IND
2014-8-10,77,70,84,65,84,50,99,1972,1911,0.13,0.1,1.25,IND
2014-8-11,75,68,82,65,84,52,99,1967,1941,0.1,0.09,2.07,IND
2014-8-12,65,58,71,65,84,47,101,2004,1881,0,0.1,1.93,IND
2014-8-13,67,55,79,65,84,48,98,1964,1936,0,0.09,3.08,IND
2014-8-14,70,59,81,65,84,48,95,1964,1871,0,0.09,2.72,IND
2014-8-15,63,49,77,65,84,45,96,1979,2010,0,0.1,2.26,IND
2014-8-16,67,59,75,65,84,50,102,1979,1988,0.09,0.1,1.43,IND
2014-8-17,73,65,81,65,84,52,99,1963,1988,0.03,0.11,3.18,IND
2014-8-18,76,65,86,65,84,48,98,1963,1936,0,0.11,1.61,IND
2014-8-19,76,65,86,64,84,50,100,1896,1936,0.5,0.1,1.65,IND
2014-8-20,74,64,83,64,84,50,99,1897,1983,0,0.11,2.22,IND
2014-8-21,78,70,86,64,84,47,100,1950,1936,0.16,0.1,1.23,IND
2014-8-22,80,73,86,64,84,46,101,1950,1936,0.02,0.1,1.9,IND
2014-8-23,79,70,88,64,84,46,96,1890,1936,0.81,0.1,2.07,IND
2014-8-24,78,70,86,64,84,49,98,1927,1936,0,0.09,1.75,IND
2014-8-25,81,71,90,64,84,49,96,1887,1948,0.78,0.1,1.41,IND
2014-8-26,81,69,93,63,84,48,97,1945,1948,0.26,0.11,1.9,IND
2014-8-27,79,70,88,63,84,48,97,1968,1948,0,0.1,2.6,IND
2014-8-28,75,66,84,63,83,43,96,1986,1953,0,0.1,2.44,IND
2014-8-29,78,68,87,63,83,41,97,1965,1953,0,0.1,1.38,IND
2014-8-30,75,71,78,63,83,42,95,1986,1953,0.02,0.1,2.16,IND
2014-8-31,76,69,83,62,83,44,97,1915,1951,0.01,0.1,2.43,IND
2014-9-1,77,71,82,62,83,44,100,1987,1953,0,0.1,7.2,IND
2014-9-2,72,65,79,62,82,45,100,1885,1953,1,0.1,2.1,IND
2014-9-3,74,64,83,61,82,45,100,1952,2011,0,0.1,2.63,IND
2014-9-4,77,66,87,61,82,46,98,1952,1954,0,0.09,6.8,IND
2014-9-5,80,70,90,61,82,45,100,1974,1954,0.02,0.1,1.54,IND
2014-9-6,67,60,73,60,81,44,99,1988,1954,0,0.1,1.19,IND
2014-9-7,65,54,76,60,81,42,98,1988,1939,0,0.11,2.71,IND
2014-9-8,68,56,79,60,81,38,97,1986,1939,0,0.1,2.61,IND
2014-9-9,69,57,81,59,80,41,98,1883,1939,0,0.1,2.34,IND
2014-9-10,75,67,82,59,80,40,96,1969,2013,0.9,0.11,2.6,IND
2014-9-11,64,56,71,58,80,39,95,1917,1897,0,0.11,1.78,IND
2014-9-12,59,53,64,58,79,40,96,1955,1897,0,0.11,1.08,IND
2014-9-13,55,47,63,58,79,39,99,1975,1939,0,0.11,1.8,IND
2014-9-14,57,46,68,57,79,37,100,1964,1939,0,0.11,2.93,IND
2014-9-15,57,49,65,57,78,42,100,1974,1939,0.54,0.11,2.21,IND
2014-9-16,59,50,67,56,78,39,96,1984,1939,0.01,0.09,2.53,IND
2014-9-17,56,45,67,56,77,40,93,1984,1955,0,0.1,1.07,IND
2014-9-18,61,49,72,55,77,39,95,1959,1953,0,0.09,1.64,IND
2014-9-19,63,53,73,55,76,38,93,1956,1940,0,0.11,2.29,IND
2014-9-20,67,54,80,54,76,36,94,1991,1940,0.02,0.1,2.2,IND
2014-9-21,65,56,74,54,76,35,96,1875,2010,0.04,0.11,1.61,IND
2014-9-22,57,47,66,53,75,37,93,1999,1895,0,0.11,1.22,IND
2014-9-23,60,47,72,53,75,34,94,1974,2010,0,0.11,2.11,IND
2014-9-24,62,47,76,53,74,34,92,1887,2007,0,0.1,1.29,IND
2014-9-25,66,54,78,52,74,35,92,1950,1891,0,0.11,2.17,IND
2014-9-26,69,55,82,52,73,37,91,2001,1891,0,0.1,1.62,IND
2014-9-27,69,56,81,51,73,35,93,1991,1998,0,0.11,2.59,IND
2014-9-28,71,58,83,51,72,33,91,1942,1939,0,0.11,1.41,IND
2014-9-29,68,54,82,50,72,34,97,1970,1953,0,0.1,2.45,IND
2014-9-30,62,52,71,50,72,30,89,1899,1971,0,0.11,1.88,IND
2014-10-1,63,49,76,50,71,32,89,1946,1897,0,0.1,2.74,IND
2014-10-2,71,60,81,49,71,29,89,1974,1953,0.14,0.11,1.39,IND
2014-10-3,59,44,73,49,70,27,90,1974,1954,0.28,0.11,2.61,IND
2014-10-4,45,40,49,48,70,31,90,1987,1951,0,0.11,1.55,IND
2014-10-5,50,40,59,48,69,31,87,1968,1922,0.13,0.1,2.93,IND
2014-10-6,55,42,67,48,69,30,89,1980,2007,0.02,0.11,1.45,IND
2014-10-7,54,46,62,47,69,27,90,1952,2007,0.33,0.1,1.65,IND
2014-10-8,56,43,68,47,68,28,91,1987,2007,0,0.1,1.02,IND
2014-10-9,51,45,56,47,68,30,88,1989,1939,0.02,0.11,1.25,IND
2014-10-10,52,49,54,46,67,27,88,1964,2010,0.01,0.1,3.88,IND
2014-10-11,50,42,57,46,67,26,86,1906,2010,0,0.1,1.56,IND
2014-10-12,54,45,62,46,67,26,86,1988,1879,0.3,0.1,3.01,IND
2014-10-13,67,58,76,45,66,24,86,1988,1975,0.57,0.1,0.92,IND
2014-10-14,61,55,67,45,66,24,86,1979,1899,0.56,0.1,1.71,IND
2014-10-15,55,53,56,45,66,27,87,1876,1897,0.18,0.1,1.14,IND
2014-10-16,56,51,61,45,65,26,85,1991,1897,0,0.1,1.65,IND
2014-10-17,59,50,68,44,65,26,86,1948,1950,0,0.1,1.45,IND
2014-10-18,50,46,54,44,65,22,84,1948,1953,0.09,0.1,2.15,IND
2014-10-19,50,43,56,44,64,25,85,1992,1953,0,0.1,1.33,IND
2014-10-20,57,46,68,44,64,23,86,1972,1953,0.01,0.1,1.33,IND
2014-10-21,51,44,57,43,64,23,86,1952,1953,0.02,0.09,1.43,IND
2014-10-22,48,38,57,43,63,23,85,1976,1947,0,0.1,1.84,IND
2014-10-23,49,37,60,43,63,24,86,1969,1963,0,0.09,1.57,IND
2014-10-24,53,40,66,42,62,20,81,1981,1963,0,0.09,1.52,IND
2014-10-25,63,50,76,42,62,25,82,1887,1963,0,0.09,1.54,IND
2014-10-26,55,42,68,42,62,20,82,1962,1963,0,0.1,2.45,IND
2014-10-27,66,51,80,42,61,24,83,1976,1940,0,0.1,1.71,IND
2014-10-28,58,46,70,41,61,20,82,1976,1927,0.31,0.1,1.72,IND
2014-10-29,47,39,54,41,61,22,81,1952,1922,0,0.1,1.16,IND
2014-10-30,44,34,53,41,60,22,82,1895,1950,0,0.11,1.3,IND
2014-10-31,40,33,47,41,60,24,82,1988,1950,0.2,0.1,2.01,IND
2014-11-1,36,29,43,40,59,24,81,1949,1950,0,0.12,1.95,IND
2014-11-2,37,24,50,40,59,16,78,1951,1961,0,0.11,3.86,IND
2014-11-3,54,42,66,40,59,11,77,1951,1987,0,0.12,0.65,IND
2014-11-4,51,44,57,39,58,16,78,1951,2003,0.3,0.11,1.6,IND
2014-11-5,47,40,54,39,58,15,76,1991,1975,0,0.12,1.92,IND
2014-11-6,43,39,47,39,57,20,77,1982,1975,0.09,0.12,1.2,IND
2014-11-7,40,33,46,38,57,16,76,1971,1915,0,0.11,3.51,IND
2014-11-8,42,36,48,38,56,13,76,1991,1999,0,0.12,1.23,IND
2014-11-9,40,29,51,38,56,17,76,1991,1999,0,0.11,1.15,IND
2014-11-10,50,38,62,37,55,17,75,1957,1949,0,0.11,1.54,IND
2014-11-11,48,34,61,37,55,18,76,1995,1927,0.06,0.12,1.63,IND
2014-11-12,31,27,34,37,54,14,75,1911,1949,0,0.12,1.64,IND
2014-11-13,24,20,27,36,54,10,77,1986,1955,0,0.13,2.02,IND
2014-11-14,25,17,32,36,53,11,76,1986,1971,0,0.14,4.15,IND
2014-11-15,26,17,34,36,53,12,74,1933,1971,0,0.13,2.55,IND
2014-11-16,32,28,35,35,52,10,74,1883,1952,0.22,0.13,1.68,IND
2014-11-17,21,13,29,35,52,4,77,1959,1958,0,0.13,2.48,IND
2014-11-18,14,9,19,34,51,5,73,1880,1941,0,0.14,4.3,IND
2014-11-19,26,14,37,34,51,-3,76,1880,1930,0,0.13,2.74,IND
2014-11-20,24,17,30,33,50,8,75,1914,1942,0,0.13,1.73,IND
2014-11-21,23,12,33,33,49,2,73,1880,1990,0,0.14,3.71,IND
2014-11-22,43,30,56,33,49,-5,74,1880,1900,0.02,0.13,1.68,IND
2014-11-23,50,44,55,32,48,1,73,1880,1999,1.91,0.13,1.91,IND
2014-11-24,46,36,55,32,48,-1,65,1950,1973,0.18,0.13,1.23,IND
2014-11-25,31,26,36,31,47,-2,69,1950,1908,0,0.12,2.19,IND
2014-11-26,30,26,34,31,47,3,70,1898,1984,0,0.12,1.16,IND
2014-11-27,28,24,31,31,46,1,70,1930,1990,0,0.12,2.03,IND
2014-11-28,27,19,34,30,46,2,69,1930,1909,0,0.12,1.82,IND
2014-11-29,44,30,57,30,45,-1,70,1872,1927,0,0.12,1,IND
2014-11-30,52,39,64,29,45,-2,68,1958,1927,0.02,0.12,1.81,IND
2014-12-1,33,26,39,29,44,4,70,1886,1970,0.02,0.1,1.39,IND
2014-12-2,30,26,33,29,44,-3,74,1886,1982,0.01,0.11,1.84,IND
2014-12-3,36,28,43,28,43,-2,69,1929,1982,0.01,0.1,3.46,IND
2014-12-4,32,29,35,28,43,5,70,1991,1998,0.06,0.1,0.98,IND
2014-12-5,37,34,40,27,42,8,70,1886,2001,0.98,0.11,1.14,IND
2014-12-6,35,30,40,27,42,-1,73,1977,1998,0.26,0.1,1.05,IND
2014-12-7,33,26,39,27,41,-7,65,1882,1951,0,0.1,1.15,IND
2014-12-8,36,31,41,26,41,-10,66,1882,1966,0.06,0.11,1.58,IND
2014-12-9,36,32,39,26,41,-15,65,1876,1952,0.01,0.11,1.39,IND
2014-12-10,33,30,35,26,40,-8,66,1917,1971,0,0.1,1.37,IND
2014-12-11,31,25,37,25,40,-9,66,1977,1931,0,0.1,1.87,IND
2014-12-12,29,22,35,25,40,-7,63,1962,1927,0,0.1,1.06,IND
2014-12-13,40,34,46,25,39,-4,65,1962,1975,0,0.1,1.73,IND
2014-12-14,45,41,48,25,39,-4,68,1901,1984,0,0.09,2.12,IND
2014-12-15,43,41,44,24,39,-10,69,1951,1948,0.01,0.1,1.45,IND
2014-12-16,39,31,46,24,38,-15,65,1951,1948,0.19,0.1,0.81,IND
2014-12-17,27,23,31,24,38,-10,64,1989,1984,0,0.1,1.64,IND
2014-12-18,25,22,27,24,38,-10,65,1884,1877,0,0.09,2.05,IND
2014-12-19,24,19,29,23,38,-12,67,1884,1877,0,0.1,1.49,IND
2014-12-20,29,25,32,23,37,-12,66,1963,1949,0,0.1,0.82,IND
2014-12-21,28,20,36,23,37,-21,67,1989,1967,0,0.11,2.57,IND
2014-12-22,37,27,46,23,37,-23,61,1989,1949,0.04,0.11,1.62,IND
2014-12-23,50,45,55,23,37,-15,64,1989,1933,0.17,0.11,1.71,IND
2014-12-24,40,34,45,22,37,-17,68,1983,1889,0.52,0.1,1.54,IND
2014-12-25,36,31,41,22,36,-15,64,1983,1893,0.01,0.11,1.36,IND
2014-12-26,41,30,52,22,36,-5,67,1983,1875,0,0.11,1.22,IND
2014-12-27,40,33,46,22,36,-7,68,1925,2008,0.2,0.1,1.95,IND
2014-12-28,28,22,33,22,36,-13,65,1924,1984,0,0.1,2.02,IND
2014-12-29,29,20,37,22,36,-13,66,1880,1889,0,0.1,1.36,IND
2014-12-30,23,15,31,21,36,-14,67,1983,1965,0,0.1,1.94,IND
2014-12-31,16,9,23,21,36,-9,68,1967,1951,0,0.1,1.62,IND
2015-1-1,26,18,34,21,36,-12,69,1968,1876,0,0.1,3.81,IND
2015-1-2,32,25,39,21,36,-12,65,1887,2006,0,0.1,1.58,IND
2015-1-3,43,33,52,21,36,-22,65,1879,1950,0.79,0.1,2.82,IND
2015-1-4,28,12,44,21,36,-15,66,1879,1998,0.01,0.1,2.44,IND
2015-1-5,9,4,14,21,35,-25,61,1884,1955,0.11,0.1,2.7,IND
2015-1-6,14,9,19,21,35,-20,63,1884,2008,0.08,0.09,1.48,IND
2015-1-7,3,-6,12,21,35,-17,68,1970,2008,0,0.09,1.58,IND
2015-1-8,7,-7,20,21,35,-13,63,1970,1965,0,0.1,1.41,IND
2015-1-9,11,1,21,21,35,-18,66,1875,1880,0,0.09,1.15,IND
2015-1-10,11,-3,24,20,35,-16,62,1982,1975,0,0.09,1.29,IND
2015-1-11,28,21,34,20,35,-16,70,1977,1890,0.43,0.08,1.16,IND
2015-1-12,25,19,31,20,35,-19,69,1918,1890,0.19,0.09,1.28,IND
2015-1-13,16,8,23,20,35,-10,64,1997,1950,0,0.09,1.47,IND
2015-1-14,13,5,21,20,35,-7,65,1957,1928,0,0.08,1.77,IND
2015-1-15,25,13,36,20,35,-17,66,1972,1932,0,0.08,1.68,IND
2015-1-16,32,21,42,20,35,-20,66,1972,1990,0,0.08,1.42,IND
2015-1-17,39,27,51,20,35,-20,67,1977,1952,0,0.09,1.11,IND
2015-1-18,36,28,44,20,35,-22,64,1994,1929,0.01,0.08,1.96,IND
2015-1-19,35,23,47,20,35,-27,69,1994,1907,0,0.08,0.94,IND
2015-1-20,40,30,50,20,36,-22,70,1985,1906,0,0.08,1.26,IND
2015-1-21,37,30,43,20,36,-21,68,1984,1906,0,0.08,2.25,IND
2015-1-22,31,28,33,20,36,-17,64,1936,1964,0,0.07,1.87,IND
2015-1-23,29,24,34,20,36,-18,67,1936,1909,0,0.08,0.9,IND
2015-1-24,30,20,39,20,36,-16,70,1963,1967,0,0.08,1.06,IND
2015-1-25,29,20,37,20,36,-14,71,1897,1950,0.04,0.08,0.92,IND
2015-1-26,22,17,26,20,36,-12,67,1897,1944,0,0.08,1.41,IND
2015-1-27,25,20,29,21,36,-10,66,1936,1916,0.01,0.08,1.14,IND
2015-1-28,25,15,34,21,36,-18,65,1963,2002,0,0.08,2,IND
2015-1-29,38,30,45,21,36,-13,66,1873,2002,0,0.08,1.5,IND
2015-1-30,26,20,31,21,36,-11,65,1966,2013,0.01,0.08,1.47,IND
2015-1-31,26,16,36,21,37,-11,66,2004,1917,0.13,0.08,1.26,IND
2015-2-1,30,27,33,21,37,-11,63,1951,1911,0.29,0.08,1.21,IND
2015-2-2,20,13,27,21,37,-19,59,1951,1911,0.01,0.09,1.24,IND
2015-2-3,26,16,36,21,37,-11,62,1996,1992,0,0.08,2.5,IND
2015-2-4,29,15,42,21,37,-12,69,1996,1890,0.07,0.08,1.68,IND
2015-2-5,15,5,24,22,37,-16,66,1979,1927,0,0.09,1.83,IND
2015-2-6,25,12,37,22,38,-12,64,1977,1925,0,0.07,1.14,IND
2015-2-7,42,28,55,22,38,-11,66,1977,1925,0,0.08,1.53,IND
2015-2-8,47,36,57,22,38,-14,68,1895,1937,0,0.08,0.78,IND
2015-2-9,31,26,36,22,38,-18,66,1899,1943,0,0.08,2.04,IND
2015-2-10,27,18,36,23,39,-21,73,1982,1932,0,0.09,1.56,IND
2015-2-11,32,25,39,23,39,-9,75,1885,1999,0,0.08,1.87,IND
2015-2-12,20,13,27,23,39,-10,66,1899,1984,0,0.08,2.67,IND
2015-2-13,20,9,31,23,39,-17,67,1899,1938,0,0.08,1.48,IND
2015-2-14,18,6,30,24,40,-14,65,1905,1954,0,0.09,1.37,IND
2015-2-15,12,4,20,24,40,-8,72,1875,1954,0,0.08,1.5,IND
2015-2-16,11,6,16,24,40,-7,72,1943,1883,0.14,0.08,1.58,IND
2015-2-17,14,1,26,24,41,-9,69,1903,1911,0.01,0.08,0.91,IND
2015-2-18,9,0,17,25,41,-11,66,1936,1961,0.07,0.08,1.58,IND
2015-2-19,2,-5,9,25,41,-8,69,1979,1930,0,0.08,1.21,IND
2015-2-20,6,-6,18,25,42,-8,67,1885,1983,0,0.08,3.02,IND
2015-2-21,26,16,35,26,42,-4,68,1963,1930,0.47,0.08,1.53,IND
2015-2-22,22,15,29,26,43,-9,70,1963,1922,0,0.08,2.09,IND
2015-2-23,11,3,19,26,43,-1,71,1889,2000,0.01,0.09,1.1,IND
2015-2-24,10,-6,25,26,43,-6,71,2015,2000,0,0.08,1.05,IND
2015-2-25,24,14,33,27,44,-7,76,1900,2000,0,0.09,2.35,IND
2015-2-26,16,7,25,27,44,-6,68,1963,1998,0.04,0.09,2.49,IND
2015-2-27,10,2,18,27,45,-7,73,1963,1996,0,0.09,1.11,IND
2015-2-28,16,7,25,28,45,2,68,1993,1895,0.23,0.09,1.17,IND
2015-3-1,27,22,31,28,45,-4,71,1960,1976,0.53,0.1,1.9,IND
2015-3-2,24,14,34,28,46,-7,74,1980,1992,0,0.09,1.56,IND
2015-3-3,33,26,40,29,46,-5,77,1943,1992,0.28,0.09,2.01,IND
2015-3-4,27,19,35,29,47,2,78,1873,1983,0.07,0.1,3,IND
2015-3-5,16,8,23,29,47,-1,75,1978,1956,0,0.1,3.06,IND
2015-3-6,16,2,30,30,47,-6,75,1960,1973,0,0.11,1.21,IND
2015-3-7,32,21,42,30,48,-1,78,1943,1974,0,0.11,1.45,IND
2015-3-8,38,27,49,30,48,-6,80,1943,1974,0,0.1,2.28,IND
2015-3-9,40,31,48,31,49,-1,72,1984,1878,0,0.11,1.61,IND
2015-3-10,45,40,49,31,49,8,74,1934,2009,0.4,0.11,2.54,IND
2015-3-11,49,34,64,31,50,3,77,1948,1990,0,0.1,2.01,IND
2015-3-12,46,31,60,32,50,-5,76,1948,1990,0,0.11,1.97,IND
2015-3-13,48,42,53,32,51,3,80,1960,2007,0.51,0.11,1.51,IND
2015-3-14,51,43,59,32,51,10,81,1891,2012,0.43,0.11,3.02,IND
2015-3-15,49,33,65,33,51,6,80,1975,2012,0,0.12,3.06,IND
2015-3-16,61,47,74,33,52,3,79,1900,1945,0,0.11,1.36,IND
2015-3-17,47,33,60,33,52,2,77,1900,2012,0,0.12,1.35,IND
2015-3-18,37,27,46,34,53,7,80,1941,2012,0,0.13,2.03,IND
2015-3-19,45,40,50,34,53,7,82,1923,2012,0.02,0.12,1.9,IND
2015-3-20,44,39,48,34,54,3,83,1885,2012,0.03,0.12,2.13,IND
2015-3-21,49,34,63,34,54,11,84,1876,2012,0,0.12,1.06,IND
2015-3-22,44,36,52,35,54,9,82,1888,1907,0,0.13,2.36,IND
2015-3-23,36,30,41,35,55,12,80,1885,1939,0.03,0.12,1.48,IND
2015-3-24,35,26,44,35,55,2,84,1974,1910,0.04,0.13,2.76,IND
2015-3-25,48,42,54,36,56,5,81,1974,2007,0.63,0.13,4.7,IND
2015-3-26,40,34,45,36,56,8,80,1955,1907,0.5,0.12,1.98,IND
2015-3-27,28,21,35,36,56,11,84,1955,1910,0,0.13,2.27,IND
2015-3-28,29,17,40,37,57,16,82,1934,1910,0,0.12,1.75,IND
2015-3-29,38,24,51,37,57,16,82,1887,1895,0.06,0.13,1.46,IND
2015-3-30,49,36,61,37,58,17,82,1923,1986,0,0.13,1.56,IND
2015-3-31,54,44,63,38,58,13,85,1923,1981,0,0.13,1.56,IND
2015-4-1,53,37,69,38,58,20,82,1923,2010,0,0.13,2.85,IND
2015-4-2,62,52,72,38,59,20,81,1961,2010,0.29,0.12,2.08,IND
2015-4-3,50,39,61,39,59,21,84,1879,2012,0.11,0.11,1.92,IND
2015-4-4,43,30,55,39,59,23,80,1975,1929,0,0.12,1.48,IND
2015-4-5,49,34,64,39,60,20,84,1995,1988,0,0.12,1.87,IND
2015-4-6,55,47,62,40,60,22,83,1979,2010,0,0.12,1.9,IND
2015-4-7,61,56,66,40,61,19,83,1982,2001,0.32,0.12,2.08,IND
2015-4-8,64,55,72,40,61,18,83,1972,2001,0.74,0.13,2.15,IND
2015-4-9,71,61,80,41,61,18,84,1997,2001,0.24,0.13,1.26,IND
2015-4-10,56,42,69,41,62,23,84,1989,1930,0.04,0.13,1.97,IND
2015-4-11,50,38,62,41,62,24,89,1973,1930,0,0.12,1.72,IND
2015-4-12,57,43,70,42,62,20,86,1940,1930,0,0.12,0.8,IND
2015-4-13,64,56,71,42,63,18,86,1950,1941,0.04,0.12,1.13,IND
2015-4-14,58,51,64,42,63,24,85,1943,1883,0,0.13,1.55,IND
2015-4-15,58,46,69,43,63,24,84,1928,2002,0.07,0.12,1.42,IND
2015-4-16,61,53,68,43,64,21,87,1875,1896,0.2,0.12,2.08,IND
2015-4-17,61,46,76,43,64,19,87,1875,1896,0,0.13,1.9,IND
2015-4-18,64,51,76,44,64,19,87,1875,1977,0,0.13,2.29,IND
2015-4-19,62,56,67,44,65,23,85,1983,2002,0.93,0.13,3.06,IND
2015-4-20,52,45,58,44,65,23,85,1897,1915,0.3,0.12,2.66,IND
2015-4-21,52,41,62,45,65,28,84,1907,1985,0,0.13,1.85,IND
2015-4-22,44,37,50,45,66,27,85,1936,1960,0.1,0.13,2.34,IND
2015-4-23,45,32,57,45,66,26,88,1986,1925,0,0.13,1.46,IND
2015-4-24,47,32,62,46,66,28,90,1910,1925,0,0.13,1.65,IND
2015-4-25,50,44,56,46,67,27,87,1919,1915,0.62,0.14,2.56,IND
2015-4-26,49,39,58,46,67,31,87,1976,1915,0,0.13,1.48,IND
2015-4-27,47,35,58,47,67,30,84,1976,1962,0,0.13,1.56,IND
2015-4-28,51,39,63,47,68,28,86,1976,1894,0,0.14,1.71,IND
2015-4-29,54,41,67,47,68,31,86,1976,1942,0,0.14,1.71,IND
2015-4-30,53,44,61,48,68,31,90,1948,1942,0,0.14,1.66,IND
2015-5-1,55,39,71,48,68,29,89,1963,1942,0,0.16,1.76,IND
2015-5-2,62,49,75,48,69,31,87,1961,1959,0,0.15,2.93,IND
2015-5-3,66,53,78,49,69,29,86,2005,1949,0,0.16,1.56,IND
2015-5-4,67,58,76,49,69,30,88,1976,1949,0.13,0.16,1.47,IND
2015-5-5,73,62,83,49,70,35,92,1957,1952,0,0.16,1.79,IND
2015-5-6,74,61,86,49,70,31,89,1968,1949,0,0.16,2.56,IND
2015-5-7,75,64,86,50,70,31,87,1974,1926,0,0.16,2.1,IND
2015-5-8,74,63,85,50,70,31,90,1976,1896,0,0.16,2.34,IND
2015-5-9,73,66,80,50,71,29,93,1947,1895,0.05,0.16,1.08,IND
2015-5-10,74,64,83,51,71,28,92,1966,1896,0.05,0.16,1.92,IND
2015-5-11,70,61,78,51,71,31,89,1945,1896,0.06,0.17,1.95,IND
2015-5-12,57,50,64,51,72,33,88,1976,1881,0,0.17,2.15,IND
2015-5-13,55,43,67,52,72,35,88,1878,1956,0,0.18,1.96,IND
2015-5-14,60,49,70,52,72,33,88,1895,1881,0,0.17,1.84,IND
2015-5-15,71,60,82,52,72,35,88,1973,2001,0.12,0.16,1.97,IND
2015-5-16,68,64,71,53,73,32,90,1997,1900,0.53,0.17,1.6,IND
2015-5-17,72,64,79,53,73,36,90,1973,1962,0,0.17,2.3,IND
2015-5-18,71,62,79,53,73,35,90,1973,1962,0,0.17,2.36,IND
2015-5-19,57,48,65,54,74,32,90,2002,1977,0,0.17,1.36,IND
2015-5-20,48,43,52,54,74,38,90,1894,1977,0,0.16,1.68,IND
2015-5-21,56,47,64,54,74,36,92,2002,1941,0,0.18,2.69,IND
2015-5-22,60,44,76,55,75,35,93,1883,1941,0,0.16,2.16,IND
2015-5-23,67,55,79,55,75,37,92,1963,1939,0,0.16,3.13,IND
2015-5-24,72,59,85,55,75,37,90,1925,1965,0,0.17,1.55,IND
2015-5-25,73,67,79,56,76,34,93,1925,1965,0.01,0.16,1.35,IND
2015-5-26,72,64,80,56,76,35,94,1961,1911,0.07,0.16,2.33,IND
2015-5-27,73,63,82,56,76,31,94,1961,1911,0.07,0.15,1.62,IND
2015-5-28,72,60,84,57,76,39,96,1907,1911,0,0.16,1.5,IND
2015-5-29,75,65,84,57,77,36,93,1965,1895,0,0.16,2.19,IND
2015-5-30,75,66,84,57,77,37,94,1947,1895,1.28,0.15,3.8,IND
2015-5-31,61,55,67,58,77,36,96,1889,1895,0.08,0.16,2.61,IND
2015-6-1,58,52,64,58,78,39,96,2003,1934,0,0.14,1.95,IND
2015-6-2,60,49,70,58,78,39,100,1956,1934,0,0.15,3,IND
2015-6-3,61,51,71,59,78,40,100,1929,1895,0,0.14,2.89,IND
2015-6-4,70,57,82,59,79,43,95,1946,2011,0,0.14,2.87,IND
2015-6-5,75,63,87,59,79,40,98,1945,1925,0,0.15,1.51,IND
2015-6-6,69,61,76,60,79,39,96,1894,1933,0,0.15,2.62,IND
2015-6-7,75,62,88,60,80,41,98,1894,1933,0,0.14,3.8,IND
2015-6-8,70,60,79,60,80,44,95,1913,1933,1.9,0.15,2.14,IND
2015-6-9,70,58,82,60,80,41,94,1885,1914,0,0.14,2.11,IND
2015-6-10,78,65,90,61,81,44,96,1988,1933,0,0.14,2.21,IND
2015-6-11,80,69,90,61,81,41,96,1980,1933,0,0.14,2.9,IND
2015-6-12,81,72,89,61,81,42,96,1903,1894,0.21,0.13,3.04,IND
2015-6-13,80,71,88,62,82,45,95,1903,1894,0,0.14,2.2,IND
2015-6-14,78,70,86,62,82,45,94,1955,1954,0.13,0.14,2.12,IND
2015-6-15,79,70,88,62,82,45,94,1917,1952,0.54,0.13,1.82,IND
2015-6-16,78,71,84,63,82,41,96,1917,1913,0.5,0.13,1.98,IND
2015-6-17,76,72,79,63,83,46,95,1980,1913,0.75,0.14,1.73,IND
2015-6-18,77,68,86,63,83,45,96,1960,1962,0.67,0.14,2.05,IND
2015-6-19,73,68,78,63,83,48,97,1980,1953,0.67,0.14,1.75,IND
2015-6-20,75,70,79,64,83,44,100,1980,1953,0,0.14,2.03,IND
2015-6-21,75,65,84,64,84,41,98,1992,1988,0.27,0.14,1.95,IND
2015-6-22,78,69,86,64,84,37,99,1992,1988,0,0.15,1.92,IND
2015-6-23,76,68,83,64,84,44,96,1918,1930,0,0.14,2.81,IND
2015-6-24,71,62,80,64,84,49,98,1887,1933,0,0.15,0.92,IND
2015-6-25,75,66,83,65,84,46,102,1972,1988,0.85,0.15,3.73,IND
2015-6-26,71,66,76,65,85,49,102,1979,1954,1.57,0.14,3.09,IND
2015-6-27,66,60,72,65,85,48,100,1926,1934,0,0.14,2.79,IND
2015-6-28,67,55,78,65,85,50,104,1950,2012,0.09,0.15,1.65,IND
2015-6-29,70,63,77,65,85,48,103,1923,2012,0.21,0.14,1.63,IND
2015-6-30,73,64,82,65,85,46,97,1943,1933,0,0.14,1.5,IND
2014-7-1,76,68,84,67,84,49,103,1982,1956,0.04,0.11,1.23,MDW
2014-7-2,66,58,74,67,84,48,99,1930,1970,0.12,0.1,2.5,MDW
2014-7-3,66,57,75,67,84,50,102,1940,1949,0.05,0.11,1.38,MDW
2014-7-4,70,60,79,67,84,49,101,1940,2012,0,0.11,0.94,MDW
2014-7-5,71,63,79,67,84,46,103,1972,2012,0.01,0.13,1.18,MDW
2014-7-6,78,66,89,67,84,49,105,1983,2012,0,0.12,3.93,MDW
2014-7-7,81,72,89,67,85,48,102,1983,1936,0.48,0.13,1.3,MDW
2014-7-8,77,70,84,68,85,49,106,1934,1936,0.48,0.13,2.41,MDW
2014-7-9,73,64,81,68,85,51,100,1941,1936,0,0.12,2.43,MDW
2014-7-10,71,63,78,68,85,51,106,1941,1936,0,0.13,0.98,MDW
2014-7-11,73,63,83,68,85,51,107,1978,1936,0,0.13,6.16,MDW
2014-7-12,76,70,81,68,85,55,100,1975,1936,3.31,0.13,6.16,MDW
2014-7-13,79,71,86,68,85,50,106,1940,1995,0.04,0.12,1.49,MDW
2014-7-14,73,64,81,68,85,52,104,1930,1936,0.37,0.13,1.52,MDW
2014-7-15,64,57,71,68,85,49,103,1930,1988,0.05,0.13,1.36,MDW
2014-7-16,65,56,73,68,85,49,100,1945,1931,0,0.13,2.48,MDW
2014-7-17,68,58,78,68,85,51,100,1940,1942,0,0.12,5.72,MDW
2014-7-18,73,64,81,68,84,53,101,1979,1930,0,0.13,2.36,MDW
2014-7-19,71,62,80,68,84,55,104,1947,1930,0,0.13,3.69,MDW
2014-7-20,75,66,84,68,84,50,103,1941,1934,0,0.13,3.03,MDW
2014-7-21,78,68,87,68,84,51,108,1970,1934,0,0.14,1.43,MDW
2014-7-22,82,72,91,68,84,49,104,1947,1934,0.19,0.14,1.82,MDW
2014-7-23,70,64,76,68,84,51,109,1947,1934,0,0.14,2.31,MDW
2014-7-24,68,60,75,68,84,55,107,2000,1934,0,0.14,4.77,MDW
2014-7-25,69,60,77,68,84,58,105,2013,1934,0,0.13,1.83,MDW
2014-7-26,78,70,85,68,84,53,102,1962,1936,0,0.14,1.77,MDW
2014-7-27,78,66,89,68,84,51,100,1937,1955,0.04,0.14,4.71,MDW
2014-7-28,68,62,73,68,84,53,100,1981,1983,0,0.14,1.25,MDW
2014-7-29,71,60,81,68,84,50,101,1981,1941,0,0.14,1.47,MDW
2014-7-30,71,61,80,68,84,51,104,1936,1999,0,0.14,2.43,MDW
2014-7-31,74,63,85,67,83,50,99,1936,2006,0,0.15,1.2,MDW
2014-8-1,75,67,83,67,83,52,100,1947,1988,0.21,0.15,2.55,MDW
2014-8-2,74,63,84,67,83,56,102,1965,1991,0,0.14,3.58,MDW
2014-8-3,77,66,87,67,83,52,101,1950,1930,0,0.13,1.95,MDW
2014-8-4,78,68,88,67,83,52,100,1929,1947,1.79,0.14,2.17,MDW
2014-8-5,74,68,80,67,83,52,100,1974,1947,0.07,0.13,1.11,MDW
2014-8-6,73,65,81,67,83,50,101,1948,1947,0,0.13,2.17,MDW
2014-8-7,75,69,81,67,83,53,96,1976,1984,0,0.14,1.67,MDW
2014-8-8,76,70,82,67,83,52,103,1976,1934,0,0.13,2.35,MDW
2014-8-9,74,68,80,67,83,51,104,1972,1934,0,0.13,2.13,MDW
2014-8-10,77,71,82,67,83,49,99,1972,1944,0,0.13,2.7,MDW
2014-8-11,76,68,84,67,83,50,100,1982,1941,1.16,0.12,2.36,MDW
2014-8-12,67,63,70,67,83,50,100,1930,1995,0.16,0.14,1.18,MDW
2014-8-13,71,59,83,67,83,52,101,1967,1936,0,0.13,1.09,MDW
2014-8-14,67,61,73,67,82,48,99,1964,1944,0,0.14,1.79,MDW
2014-8-15,67,55,79,67,82,48,98,1929,1944,0,0.14,2.07,MDW
2014-8-16,73,64,81,67,82,49,101,1976,1988,0,0.13,3.79,MDW
2014-8-17,69,66,72,67,82,48,99,1976,1988,0,0.13,2.6,MDW
2014-8-18,76,67,85,66,82,49,99,1963,1936,0,0.13,1.8,MDW
2014-8-19,80,73,86,66,82,49,99,1933,1983,0.13,0.12,1.39,MDW
2014-8-20,78,68,87,66,82,47,98,1950,1947,0,0.12,1.47,MDW
2014-8-21,77,71,83,66,82,46,99,1950,1955,1.29,0.13,1.58,MDW
2014-8-22,81,74,87,66,82,51,103,1928,1936,3.17,0.12,3.17,MDW
2014-8-23,79,71,87,66,82,52,97,1940,1947,0.5,0.11,2.49,MDW
2014-8-24,81,73,89,65,82,48,100,1942,1947,0,0.13,1.2,MDW
2014-8-25,83,73,92,65,81,47,95,1934,1991,0.78,0.11,1.88,MDW
2014-8-26,79,72,86,65,81,48,97,1982,1973,0,0.12,3.66,MDW
2014-8-27,76,70,81,65,81,46,97,1982,1973,0,0.13,1.57,MDW
2014-8-28,73,69,77,65,81,46,97,1982,1955,0.02,0.12,1.57,MDW
2014-8-29,81,73,88,64,81,43,98,1965,1953,0,0.12,2.02,MDW
2014-8-30,80,74,86,64,81,47,96,1946,1953,0,0.12,1.43,MDW
2014-8-31,79,71,87,64,80,46,99,1935,1953,0,0.13,1.62,MDW
2014-9-1,80,74,85,63,80,45,101,1949,1953,0,0.12,2.92,MDW
2014-9-2,77,69,85,63,80,44,101,1946,1953,0,0.12,1.37,MDW
2014-9-3,76,67,85,63,80,47,97,1974,1953,0,0.11,1.92,MDW
2014-9-4,80,73,87,62,79,43,95,1938,1960,0.22,0.12,3.05,MDW
2014-9-5,78,67,89,62,79,48,97,1988,1954,0.43,0.11,1.89,MDW
2014-9-6,69,62,76,62,79,46,98,1984,1990,0,0.12,0.83,MDW
2014-9-7,69,58,79,61,79,46,101,1986,1939,0,0.12,3.51,MDW
2014-9-8,70,60,79,61,78,45,98,1986,1933,0,0.11,1.37,MDW
2014-9-9,74,66,81,61,78,47,95,1975,1983,0.01,0.11,3.25,MDW
2014-9-10,70,58,82,60,78,44,96,1943,2013,1.61,0.11,1.61,MDW
2014-9-11,55,52,58,60,77,44,95,1943,1952,0,0.11,4.16,MDW
2014-9-12,52,46,57,59,77,44,96,1955,1952,0.1,0.11,2.43,MDW
2014-9-13,51,42,60,59,77,40,99,1953,1939,0.01,0.11,3.62,MDW
2014-9-14,57,46,67,58,76,42,101,1949,1939,0,0.11,2.19,MDW
2014-9-15,58,54,62,58,76,41,102,1949,1939,0,0.11,1.07,MDW
2014-9-16,58,47,69,57,75,39,93,1984,1931,0,0.11,1.7,MDW
2014-9-17,61,49,72,57,75,39,93,1937,1955,0,0.1,1.2,MDW
2014-9-18,63,53,72,57,75,39,94,1929,1955,0,0.11,1.95,MDW
2014-9-19,67,57,76,56,74,37,93,1929,1955,0,0.12,0.94,MDW
2014-9-20,72,63,80,56,74,38,92,1956,1931,0.12,0.12,1.12,MDW
2014-9-21,61,52,70,55,73,40,92,1930,1970,0,0.11,1.67,MDW
2014-9-22,59,48,69,55,73,34,93,1974,1937,0,0.11,1.09,MDW
2014-9-23,63,50,76,54,73,35,93,1974,1937,0,0.11,2.09,MDW
2014-9-24,66,54,77,54,72,30,91,1928,2007,0,0.11,1.85,MDW
2014-9-25,68,58,78,53,72,30,91,1942,1986,0,0.12,2,MDW
2014-9-26,70,59,81,53,71,30,93,1928,1998,0,0.1,2.72,MDW
2014-9-27,70,61,79,52,71,31,91,1942,1971,0,0.1,1.43,MDW
2014-9-28,69,58,79,52,70,29,92,1942,1953,0,0.1,3.65,MDW
2014-9-29,71,57,84,52,70,33,99,1942,1953,0,0.1,1.13,MDW
2014-9-30,56,51,61,51,69,34,92,1984,1971,0,0.09,0.76,MDW
2014-10-1,63,52,73,51,69,32,92,1974,1971,0,0.1,0.73,MDW
2014-10-2,71,66,75,50,68,28,91,1974,1971,0.71,0.09,3.8,MDW
2014-10-3,57,46,68,50,68,29,91,1974,1954,1.05,0.1,3.95,MDW
2014-10-4,43,37,49,50,68,34,90,1989,1951,0.05,0.11,1.89,MDW
2014-10-5,49,42,56,49,67,31,89,1980,1997,0,0.1,2.01,MDW
2014-10-6,56,48,63,49,67,28,94,1952,1963,0.01,0.1,1.57,MDW
2014-10-7,59,49,69,48,66,31,88,2000,2007,0,0.1,1.26,MDW
2014-10-8,58,48,67,48,66,30,88,1952,2007,0,0.09,1.32,MDW
2014-10-9,57,50,64,48,66,32,87,1964,2010,0,0.11,2.27,MDW
2014-10-10,52,44,59,48,65,27,87,1964,1938,0,0.1,3.94,MDW
2014-10-11,50,40,60,47,65,29,88,2009,1928,0,0.1,1.47,MDW
2014-10-12,55,45,64,47,64,30,86,1987,2008,0.01,0.1,1.4,MDW
2014-10-13,65,59,71,46,64,30,88,1987,1975,0.44,0.1,2.43,MDW
2014-10-14,61,54,67,46,64,28,89,1937,1975,1.18,0.11,1.18,MDW
2014-10-15,56,53,58,46,63,29,88,1937,1947,0.07,0.1,1.66,MDW
2014-10-16,56,53,58,46,63,30,87,1944,1963,0,0.1,0.81,MDW
2014-10-17,56,49,63,45,62,26,86,1948,1950,0.01,0.1,1.48,MDW
2014-10-18,46,39,52,45,62,20,87,1948,1950,0.02,0.11,3.18,MDW
2014-10-19,47,36,57,45,62,24,84,1930,1971,0,0.1,1.41,MDW
2014-10-20,58,50,66,44,61,20,86,1930,1953,0,0.1,0.86,MDW
2014-10-21,52,49,54,44,61,26,87,1952,1953,0,0.11,2.24,MDW
2014-10-22,50,43,56,44,60,24,87,1930,1953,0,0.11,1.77,MDW
2014-10-23,52,41,62,44,60,25,85,1981,1963,0,0.11,1.48,MDW
2014-10-24,61,54,68,43,60,20,83,1981,1963,0,0.1,1.38,MDW
2014-10-25,64,52,75,43,59,25,79,1962,1989,0,0.11,1.87,MDW
2014-10-26,55,44,66,43,59,22,84,1942,1963,0,0.11,1.49,MDW
2014-10-27,67,54,79,42,58,24,82,1942,1940,0.02,0.11,1.56,MDW
2014-10-28,57,48,66,42,58,25,81,1976,1999,0.03,0.12,0.65,MDW
2014-10-29,45,40,49,42,58,22,79,1980,1999,0,0.11,1.02,MDW
2014-10-30,45,37,53,41,57,25,85,1988,1950,0,0.12,1.24,MDW
2014-10-31,42,34,49,41,57,27,84,1996,1950,0.04,0.11,2.63,MDW
2014-11-1,39,33,44,41,56,22,81,1930,1950,0,0.12,2.45,MDW
2014-11-2,41,29,53,40,56,14,78,1951,1974,0,0.11,1.2,MDW
2014-11-3,55,45,64,40,55,11,76,1951,1987,0,0.11,1.72,MDW
2014-11-4,53,45,61,40,55,15,74,1951,1981,0.02,0.12,1.83,MDW
2014-11-5,51,39,63,39,54,11,79,1951,1978,0,0.12,1.26,MDW
2014-11-6,46,40,52,39,54,19,75,1991,1975,0,0.11,1.05,MDW
2014-11-7,41,37,45,38,53,16,74,1991,1945,0,0.12,1.17,MDW
2014-11-8,44,39,49,38,53,14,74,1991,1999,0,0.11,1.17,MDW
2014-11-9,45,36,53,38,52,16,75,1991,1999,0,0.11,2.69,MDW
2014-11-10,55,44,65,37,52,17,71,1933,1999,0,0.11,3.49,MDW
2014-11-11,47,33,61,37,51,15,74,1950,1964,0.23,0.11,1.3,MDW
2014-11-12,30,27,33,36,51,10,70,1986,1949,0,0.12,0.7,MDW
2014-11-13,29,26,31,36,50,7,74,1986,1989,0,0.12,1.09,MDW
2014-11-14,27,24,29,35,50,12,78,1940,1971,0,0.12,1.6,MDW
2014-11-15,27,21,33,35,49,8,72,1933,1990,0,0.12,0.89,MDW
2014-11-16,29,25,33,34,48,5,73,1933,1952,0,0.12,1.29,MDW
2014-11-17,19,13,25,34,48,3,74,1959,1975,0,0.11,1.26,MDW
2014-11-18,17,12,21,34,47,12,72,2014,1999,0,0.12,2.23,MDW
2014-11-19,26,19,33,33,47,17,77,1951,1930,0,0.11,0.74,MDW
2014-11-20,24,17,30,33,46,14,69,1964,1930,0,0.11,1.23,MDW
2014-11-21,25,13,36,32,46,7,66,1964,1990,0,0.12,1.35,MDW
2014-11-22,44,34,54,32,45,2,67,1929,2010,0.05,0.11,1.3,MDW
2014-11-23,52,50,54,31,45,-1,70,1950,1931,0.62,0.12,1.98,MDW
2014-11-24,39,27,51,31,44,-2,69,1950,1966,0.35,0.12,0.75,MDW
2014-11-25,26,22,30,30,43,0,61,1950,2006,0,0.1,0.76,MDW
2014-11-26,27,22,32,30,43,2,68,1930,1990,0,0.11,1.2,MDW
2014-11-27,25,19,30,29,42,0,70,1930,1990,0,0.11,3.34,MDW
2014-11-28,28,20,36,29,42,-3,69,1930,1998,0,0.11,1.56,MDW
2014-11-29,44,33,54,28,41,-1,69,1929,1998,0,0.11,1.31,MDW
2014-11-30,43,29,56,28,41,-1,66,1947,1962,0,0.11,0.6,MDW
2014-12-1,25,21,29,28,40,5,68,1930,1970,0,0.1,1.04,MDW
2014-12-2,28,22,33,27,40,-1,69,1942,1982,0,0.1,2.78,MDW
2014-12-3,33,26,39,27,40,-8,72,1940,2012,0,0.1,0.68,MDW
2014-12-4,31,25,37,26,39,3,68,1991,1998,0,0.09,1.19,MDW
2014-12-5,38,35,41,26,39,7,68,2005,2001,0,0.1,0.95,MDW
2014-12-6,39,34,43,26,38,0,65,1972,1951,0,0.09,1.38,MDW
2014-12-7,35,30,39,25,38,-2,61,1936,1946,0,0.09,1.26,MDW
2014-12-8,37,35,39,25,37,0,64,1958,1946,0.1,0.09,0.77,MDW
2014-12-9,37,33,40,24,37,-8,61,1958,1946,0.02,0.09,1.31,MDW
2014-12-10,34,31,36,24,37,-8,60,1978,1971,0,0.1,2.18,MDW
2014-12-11,30,26,34,24,36,-5,61,1972,1949,0,0.09,1.73,MDW
2014-12-12,32,25,39,24,36,-7,62,1962,1991,0,0.08,1.76,MDW
2014-12-13,43,37,49,23,36,-3,67,2000,1975,0,0.08,1.24,MDW
2014-12-14,50,47,53,23,35,-4,66,1985,1975,0,0.08,1,MDW
2014-12-15,46,43,48,23,35,-8,64,1989,,0.12,0.08,1.14,MDW
2014-12-16,40,32,47,22,35,-12,63,1951,1984,0.02,0.08,0.47,MDW
2014-12-17,29,26,32,22,35,-7,60,1951,1977,0,0.08,0.44,MDW
2014-12-18,28,25,31,22,34,-9,59,1983,1939,0,0.07,1.06,MDW
2014-12-19,32,29,34,22,34,-12,56,1983,1988,0,0.08,0.8,MDW
2014-12-20,34,32,35,21,34,-9,59,1963,1988,0,0.08,1.12,MDW
2014-12-21,36,34,38,21,34,-13,62,1989,1967,0,0.07,1.81,MDW
2014-12-22,38,31,44,21,33,-12,57,1989,1957,0.28,0.08,0.98,MDW
2014-12-23,46,42,50,21,33,-17,60,1983,1982,0.12,0.08,1.12,MDW
2014-12-24,41,38,43,21,33,-20,59,1983,1982,0.12,0.07,2.61,MDW
2014-12-25,40,35,44,20,33,-13,64,1983,1982,0,0.08,1.8,MDW
2014-12-26,45,38,51,20,33,-9,55,1933,1971,0,0.07,0.8,MDW
2014-12-27,41,32,50,20,33,-12,61,1933,1982,0,0.07,2.05,MDW
2014-12-28,31,26,36,20,32,-3,67,1961,1984,0,0.08,1.13,MDW
2014-12-29,30,24,35,20,32,-8,64,1976,1984,0,0.07,0.78,MDW
2014-12-30,19,13,24,19,32,-8,60,1983,2002,0,0.07,1.69,MDW
2014-12-31,13,6,20,19,32,-10,60,1967,1962,0,0.08,1.41,MDW
2015-1-1,25,17,32,19,32,-10,52,1969,2000,0,0.08,1.33,MDW
2015-1-2,28,20,36,19,32,-13,61,1979,2000,0,0.08,1.22,MDW
2015-1-3,34,31,37,19,32,-12,60,1979,1950,0.55,0.07,0.79,MDW
2015-1-4,21,5,36,19,32,-8,64,1999,1997,0.1,0.08,1.59,MDW
2015-1-5,5,-1,10,19,32,-15,56,1999,1998,0.11,0.08,0.8,MDW
2015-1-6,9,5,12,19,32,-15,60,2014,2008,0,0.07,0.75,MDW
2015-1-7,2,-4,8,18,32,-14,65,1942,2008,0,0.08,0.69,MDW
2015-1-8,7,-7,20,18,32,-12,63,1942,1965,0.05,0.07,1.48,MDW
2015-1-9,10,3,16,18,31,-17,57,1982,1939,0,0.08,0.76,MDW
2015-1-10,13,0,26,18,31,-22,60,1982,1975,0,0.07,2.29,MDW
2015-1-11,30,25,34,18,31,-11,54,1977,2013,0.12,0.07,0.34,MDW
2015-1-12,25,19,30,18,31,-9,62,1974,2005,0.03,0.07,2.76,MDW
2015-1-13,18,13,23,18,31,-10,56,1929,1932,0,0.07,1.37,MDW
2015-1-14,13,5,21,18,31,-14,56,1979,1952,0,0.07,1,MDW
2015-1-15,27,17,36,18,31,-19,60,1979,1949,0,0.06,0.39,MDW
2015-1-16,29,22,35,18,31,-19,56,1977,1990,0,0.07,0.43,MDW
2015-1-17,37,30,44,18,31,-17,58,1982,1952,0,0.07,0.68,MDW
2015-1-18,37,31,43,18,31,-20,61,1994,1996,0,0.06,1.39,MDW
2015-1-19,35,27,43,18,31,-21,57,1985,1933,0,0.07,1.09,MDW
2015-1-20,37,33,40,18,31,-25,53,1985,1954,0.01,0.06,0.99,MDW
2015-1-21,34,31,36,18,31,-17,57,1984,1934,0,0.06,0.96,MDW
2015-1-22,32,30,34,18,31,-17,58,1936,1964,0,0.06,1.33,MDW
2015-1-23,32,30,34,18,31,-19,59,1936,1967,0,0.06,0.73,MDW
2015-1-24,39,32,45,18,31,-16,65,1936,1967,0,0.05,0.73,MDW
2015-1-25,32,26,38,18,32,-10,67,1936,1950,0.06,0.06,1.3,MDW
2015-1-26,25,21,29,18,32,-10,62,1936,1944,0.04,0.06,1.66,MDW
2015-1-27,29,24,33,18,32,-10,61,1955,2002,0,0.06,0.74,MDW
2015-1-28,30,24,36,18,32,-13,55,1977,1970,0.03,0.05,0.52,MDW
2015-1-29,35,31,39,18,32,-16,61,1966,2013,0,0.06,0.99,MDW
2015-1-30,28,23,32,18,32,-15,55,1966,1988,0,0.05,1.25,MDW
2015-1-31,31,23,39,19,32,-9,67,1996,1989,0.13,0.06,0.7,MDW
2015-2-1,27,21,33,19,32,-9,56,1951,1968,0.12,0.05,0.95,MDW
2015-2-2,16,9,22,19,32,-15,51,1951,1992,0,0.06,1.22,MDW
2015-2-3,19,8,30,19,33,-17,60,1996,1992,0.05,0.06,0.43,MDW
2015-2-4,21,12,30,19,33,-12,54,1996,1993,0,0.05,0.69,MDW
2015-2-5,10,3,17,19,33,-17,56,1979,1946,0,0.06,0.68,MDW
2015-2-6,24,15,32,20,33,-12,56,1982,1938,0,0.05,1.96,MDW
2015-2-7,35,25,44,20,33,-5,59,1972,2009,0,0.06,0.67,MDW
2015-2-8,37,31,42,20,34,-12,61,1933,1990,0,0.07,0.81,MDW
2015-2-9,29,26,31,20,34,-20,57,1933,1999,0,0.06,0.77,MDW
2015-2-10,29,25,33,20,34,-12,62,1982,2009,0,0.06,0.98,MDW
2015-2-11,30,21,38,21,35,-8,71,1955,1999,0,0.07,0.82,MDW
2015-2-12,16,11,21,21,35,-10,61,1981,1984,0,0.07,0.5,MDW
2015-2-13,18,7,29,21,35,-5,63,1988,1938,0,0.07,0.78,MDW
2015-2-14,17,4,29,21,35,-5,62,1936,1954,0,0.06,0.94,MDW
2015-2-15,9,0,17,22,36,-6,69,1936,1954,0,0.07,0.78,MDW
2015-2-16,14,8,19,22,36,-7,53,1958,1981,0,0.07,0.75,MDW
2015-2-17,17,11,22,22,36,-10,58,1936,2011,0,0.07,0.84,MDW
2015-2-18,6,0,11,23,37,-16,62,1936,1961,0,0.07,0.84,MDW
2015-2-19,1,-5,7,23,37,-8,65,1936,1930,0,0.07,0.78,MDW
2015-2-20,10,-1,20,23,37,-9,65,1929,1983,0,0.08,1.35,MDW
2015-2-21,26,19,33,23,38,-6,66,1963,1930,0,0.07,3.25,MDW
2015-2-22,19,7,30,24,38,-7,63,1963,1984,0,0.08,1.4,MDW
2015-2-23,8,0,15,24,39,0,66,1939,2000,0,0.09,0.9,MDW
2015-2-24,19,6,32,24,39,-5,64,1967,1930,0,0.08,1.36,MDW
2015-2-25,22,16,28,25,39,-5,73,1967,2000,0.06,0.09,0.62,MDW
2015-2-26,15,7,22,25,40,-1,64,1963,2000,0.01,0.08,1.76,MDW
2015-2-27,9,0,17,25,40,-6,75,1934,1976,0,0.09,0.79,MDW
2015-2-28,12,1,23,26,40,1,59,2015,1965,0,0.08,0.77,MDW
2015-3-1,23,18,27,26,41,-5,71,1962,1992,0.01,0.09,1.09,MDW
2015-3-2,25,16,34,26,41,-4,71,1913,1974,0,0.08,1.02,MDW
2015-3-3,32,27,37,27,42,-6,80,1873,1974,0.1,0.09,1.21,MDW
2015-3-4,24,14,33,27,42,-4,74,2002,1983,0,0.08,1.42,MDW
2015-3-5,14,8,19,27,42,0,76,1978,1983,0,0.09,0.99,MDW
2015-3-6,17,6,27,28,43,2,71,1960,1983,0,0.08,0.49,MDW
2015-3-7,36,26,46,28,43,-2,79,1943,2000,0,0.09,1.27,MDW
2015-3-8,37,31,42,28,44,-7,79,1943,2000,0,0.09,2.02,MDW
2015-3-9,40,28,52,29,44,3,69,1932,1974,0,0.08,1.41,MDW
2015-3-10,46,38,54,29,44,5,70,2003,1955,0,0.08,1.12,MDW
2015-3-11,45,36,54,29,45,3,76,1979,1990,0,0.08,0.92,MDW
2015-3-12,46,33,58,30,45,1,81,1948,1990,0,0.08,1.3,MDW
2015-3-13,53,41,65,30,46,11,74,1948,2007,0,0.08,1.02,MDW
2015-3-14,51,40,62,30,46,8,81,1993,2012,0,0.09,1.62,MDW
2015-3-15,49,34,64,31,46,12,81,1979,2012,0,0.08,1.66,MDW
2015-3-16,59,44,74,31,47,5,81,1941,2012,0,0.09,1.12,MDW
2015-3-17,38,31,44,31,47,0,80,1941,2012,0,0.08,1.42,MDW
2015-3-18,40,30,50,32,48,3,81,1941,2012,0,0.09,1.04,MDW
2015-3-19,46,41,50,32,48,11,79,1965,2012,0,0.09,2.5,MDW
2015-3-20,46,39,52,32,48,8,85,1965,2012,0,0.09,0.78,MDW
2015-3-21,43,35,50,33,49,12,86,1951,2012,0,0.09,0.93,MDW
2015-3-22,34,30,37,33,49,6,84,1940,2012,0,0.09,1.15,MDW
2015-3-23,31,30,32,33,50,6,79,1940,1939,0.15,0.09,0.93,MDW
2015-3-24,33,25,40,34,50,5,79,1974,1939,0.04,0.08,1.26,MDW
2015-3-25,41,38,43,34,50,10,78,1940,2007,0.13,0.09,1.95,MDW
2015-3-26,40,34,46,34,51,11,79,1955,2007,0,0.09,1.4,MDW
2015-3-27,30,25,34,35,51,13,82,1965,1945,0.01,0.09,1.06,MDW
2015-3-28,29,21,37,35,52,9,78,1934,1968,0,0.1,1.26,MDW
2015-3-29,40,28,51,35,52,17,86,1969,1986,0.04,0.09,1.33,MDW
2015-3-30,51,37,64,36,52,12,83,1969,1986,0,0.1,1.36,MDW
2015-3-31,49,41,57,36,53,12,85,,1986,0,0.11,2.5,MDW
2015-4-1,58,41,74,36,53,24,82,1954,2010,0,0.11,1.58,MDW
2015-4-2,59,50,68,37,54,22,82,1961,1963,0.27,0.12,1.67,MDW
2015-4-3,45,33,57,39,54,19,81,1954,1956,0,0.11,1.08,MDW
2015-4-4,46,31,61,38,55,16,80,1975,1929,0,0.11,1.9,MDW
2015-4-5,58,47,69,38,55,18,85,1979,1988,0,0.11,2.58,MDW
2015-4-6,53,41,64,38,55,16,84,1982,1991,0.07,0.12,0.94,MDW
2015-4-7,45,40,49,39,56,10,83,1982,2001,0.04,0.12,0.78,MDW
2015-4-8,49,43,54,39,56,20,82,1972,2001,0.08,0.12,1.38,MDW
2015-4-9,60,46,74,39,57,21,78,1972,1952,0.95,0.12,1.58,MDW
2015-4-10,54,42,65,40,57,22,91,1989,1930,0,0.13,1.15,MDW
2015-4-11,52,39,64,40,57,25,91,1973,1930,0,0.12,2.26,MDW
2015-4-12,59,47,71,41,58,21,86,1957,1977,0,0.12,1.16,MDW
2015-4-13,61,53,69,41,58,21,83,1950,1941,0.14,0.12,1.84,MDW
2015-4-14,57,46,67,41,59,23,85,1943,2003,0,0.12,1.21,MDW
2015-4-15,56,44,67,42,59,21,89,1928,2002,0,0.12,1.26,MDW
2015-4-16,56,47,64,42,60,26,88,1962,2002,0.34,0.13,1.33,MDW
2015-4-17,65,49,80,42,60,29,88,1983,1976,0,0.12,1.87,MDW
2015-4-18,59,50,68,43,60,25,89,1983,2002,0,0.13,3.83,MDW
2015-4-19,60,51,69,43,61,24,86,1983,1985,0.42,0.12,1.52,MDW
2015-4-20,50,43,56,43,61,27,87,1983,1987,0,0.12,1.27,MDW
2015-4-21,50,41,58,44,62,28,86,1943,1985,0,0.13,1.08,MDW
2015-4-22,43,37,49,44,62,25,91,1936,1980,0,0.12,1.5,MDW
2015-4-23,45,34,56,44,62,28,88,1936,1960,0,0.12,0.83,MDW
2015-4-24,48,35,60,45,63,29,89,1930,1990,0.29,0.12,2.05,MDW
2015-4-25,45,40,49,45,63,27,89,1934,1990,0.34,0.12,1.62,MDW
2015-4-26,48,39,57,45,64,29,91,1930,1986,0,0.13,0.84,MDW
2015-4-27,50,43,56,46,64,28,89,1928,1986,0,0.13,2.13,MDW
2015-4-28,49,38,60,46,64,30,84,1950,1951,0,0.13,1.63,MDW
2015-4-29,53,42,64,46,65,31,89,1958,1942,0,0.13,1.62,MDW
2015-4-30,47,42,52,47,65,31,92,1931,1942,0,0.12,2.15,MDW
2015-5-1,53,40,65,47,65,30,90,1943,1951,0,0.12,2.05,MDW
2015-5-2,66,53,79,47,66,30,91,1978,1959,0,0.12,1.26,MDW
2015-5-3,71,60,82,48,66,32,92,1971,1955,0.2,0.13,0.76,MDW
2015-5-4,66,57,74,48,66,37,82,2005,1999,0,0.12,0.93,MDW
2015-5-5,56,51,60,48,67,34,94,1954,1949,0.79,0.13,0.83,MDW
2015-5-6,67,51,82,49,67,34,93,1989,1934,0,0.12,1.71,MDW
2015-5-7,72,57,87,49,67,32,89,1974,1936,0,0.12,2.01,MDW
2015-5-8,75,66,84,49,68,33,93,1977,2014,0.28,0.12,1.09,MDW
2015-5-9,58,49,67,49,68,31,96,1983,1934,0.38,0.13,2.33,MDW
2015-5-10,53,47,58,50,68,29,91,1966,2011,0.16,0.12,2.84,MDW
2015-5-11,61,50,71,50,69,32,89,1981,1987,0.14,0.13,3.3,MDW
2015-5-12,53,47,58,50,69,28,92,1981,1956,0,0.13,1.92,MDW
2015-5-13,49,45,53,51,69,30,90,1938,1982,0,0.14,1.46,MDW
2015-5-14,58,46,69,51,70,37,92,1973,1982,0.13,0.13,1.95,MDW
2015-5-15,70,60,79,51,70,34,91,1937,2001,0.03,0.13,0.85,MDW
2015-5-16,75,67,82,52,70,35,94,1940,1962,0,0.13,1.38,MDW
2015-5-17,77,69,84,52,71,36,94,1973,1962,0,0.13,1.4,MDW
2015-5-18,66,51,81,52,71,34,93,2002,1996,0,0.15,0.79,MDW
2015-5-19,49,44,54,52,71,37,95,1937,1934,0,0.14,1.54,MDW
2015-5-20,47,43,51,53,72,36,95,1981,1977,0.02,0.14,2.54,MDW
2015-5-21,59,47,70,53,72,34,94,2002,1934,0,0.14,1.79,MDW
2015-5-22,59,50,68,53,72,40,93,1929,1977,0,0.14,1.11,MDW
2015-5-23,68,53,83,54,72,35,92,1931,1977,0,0.14,1.41,MDW
2015-5-24,69,62,76,54,73,36,93,1935,1950,0.44,0.14,1.31,MDW
2015-5-25,75,68,81,54,73,35,90,1934,1950,0.06,0.14,2.65,MDW
2015-5-26,73,69,77,55,73,34,93,1934,1967,0.42,0.14,1.49,MDW
2015-5-27,71,64,77,55,74,35,97,1961,2012,0.06,0.13,1.49,MDW
2015-5-28,72,60,84,55,74,40,94,1930,2012,0,0.15,2.2,MDW
2015-5-29,78,71,84,56,74,36,95,1930,1942,0.18,0.14,0.83,MDW
2015-5-30,59,45,73,56,75,36,95,1930,1942,0.79,0.14,1.6,MDW
2015-5-31,51,44,57,57,75,41,102,1928,1934,0.05,0.15,2.97,MDW
2015-6-1,55,48,62,57,75,39,107,2003,1934,0,0.15,1.88,MDW
2015-6-2,58,45,71,57,76,44,92,1946,1944,0,0.14,2.35,MDW
2015-6-3,67,55,79,58,76,37,98,1945,1934,0,0.15,1.15,MDW
2015-6-4,72,62,82,58,76,35,97,1945,1977,0,0.15,1,MDW
2015-6-5,65,56,73,58,77,37,98,1945,1934,0,0.15,0.75,MDW
2015-6-6,64,54,73,59,77,44,97,1998,1971,0,0.15,2.73,MDW
2015-6-7,72,60,83,59,77,45,101,1944,1933,0.44,0.15,3.11,MDW
2015-6-8,75,63,86,60,78,45,97,1978,1985,0.1,0.15,2.07,MDW
2015-6-9,74,61,87,60,78,42,96,1977,1968,0,0.14,2.58,MDW
2015-6-10,83,71,94,60,78,41,101,1928,1933,0.09,0.14,2.97,MDW
2015-6-11,72,65,79,61,79,41,100,1972,1933,0.2,0.14,2.08,MDW
2015-6-12,66,58,74,61,79,48,97,1985,1956,0.17,0.14,1.33,MDW
2015-6-13,73,58,88,62,79,44,95,1942,1990,0.19,0.15,4.64,MDW
2015-6-14,78,70,85,62,80,40,99,1933,1987,0.98,0.14,2.58,MDW
2015-6-15,77,71,83,62,80,45,95,1933,1994,0.24,0.13,1.93,MDW
2015-6-16,67,60,74,63,80,44,95,1947,1952,0,0.14,1.78,MDW
2015-6-17,65,58,72,63,81,42,96,1980,1987,0.33,0.13,3.16,MDW
2015-6-18,71,59,82,63,81,48,98,1930,1954,0.48,0.13,1.12,MDW
2015-6-19,63,57,68,64,81,44,102,1936,1953,0,0.14,1.79,MDW
2015-6-20,70,57,82,64,82,45,104,1980,1953,0.22,0.13,2.56,MDW
2015-6-21,79,70,87,64,82,45,101,1940,1988,0,0.13,1.53,MDW
2015-6-22,79,72,85,65,82,46,98,1963,1988,0.04,0.14,1.25,MDW
2015-6-23,74,67,81,65,82,46,99,1972,1930,0,0.12,2.2,MDW
2015-6-24,73,66,79,65,83,48,99,1936,1937,0,0.13,2.31,MDW
2015-6-25,74,65,83,65,83,46,104,1986,1988,0.16,0.12,4.58,MDW
2015-6-26,66,61,70,66,83,52,98,1945,1936,0.7,0.12,2.57,MDW
2015-6-27,68,59,77,66,83,50,102,1981,1933,0,0.12,2.88,MDW
2015-6-28,70,58,81,66,83,49,104,1938,1934,0,0.12,1.66,MDW
2015-6-29,71,66,75,66,84,50,97,1943,1954,0.03,0.11,1.91,MDW
2015-6-30,71,61,80,66,84,45,101,1943,1931,0,0.11,2.59,MDW